id,search_term,dismissed_at,created_at
01487f8b-3e93-4482-9a8e-19514f5d521a,Yveltal GX Secret 137/131 Forbidden Light holo,2025-10-31 13:38:16.127+00,2025-10-31 13:38:15.794278+00
018a9f1f-20d7-4c90-a5eb-f550475a5318,Iris 101 Full Art 101/101 Plasma Blast holo,2025-10-31 13:42:37.402+00,2025-10-31 13:42:37.106874+00
01be39f0-84d2-4169-8448-41fc0521b166,Dragapult Rebel Clash,2025-10-29 19:08:40.723+00,2025-10-29 19:08:41.632072+00
021a57f0-600e-4e7b-b3f1-bb1e8d2f6173,Garchomp C Supreme Victors 60 reverse holo,2025-10-30 15:33:52.326+00,2025-10-30 15:33:51.44262+00
02d61dc1-eb86-4ad3-a842-3ec370442ac2,Jigglypuff 65/112 FireRed & LeafGreen reverse holo,2025-11-16 05:14:49.822+00,2025-11-16 05:14:50.016039+00
040aa548-8e39-4a05-8b9a-51c806704451,"Kyurem EX 96 Full Art ""96/99"" Next Destinies holo",2025-12-06 17:50:29.137+00,2025-12-06 17:50:30.352206+00
049984a7-ea67-4e1e-b68a-b3e002d0ab82,Garchomp Supreme Victors 5 reverse holo,2025-10-29 13:17:44.306+00,2025-10-29 13:17:45.490618+00
04c965e1-7663-4afd-93a3-52dddfd2a0dd,Lapras ex 99/109 Ruby and Sapphire holo,2025-10-31 12:06:21.03+00,2025-10-31 12:06:20.931993+00
050e69e3-1d00-48a4-9410-d9c79d91b5b2,Arcanine 1/111 Rising Rivals reverse holo,2025-10-30 15:39:37.294+00,2025-10-30 15:39:36.486463+00
0556d221-8071-46ba-9a77-4bb87cb3a9cc,Dark Slowking 9/109 Team Rocket Returns reverse holo,2025-10-30 12:57:48.57+00,2025-10-30 12:57:47.956749+00
05a147c7-9c7a-496c-8b31-064774668cb3,Dragalge Prerelease Staff XY Promos XY10 holo,2025-10-29 03:06:07.415+00,2025-10-29 03:06:07.459116+00
05fb519a-ebac-4659-9c3a-90eb8908d528,"Unown ? ""?/28"" Unseen Forces holo",2025-12-06 18:31:25.134+00,2025-12-06 18:31:26.528013+00
0605dfce-a7d7-49a4-8215-3e556ec1ffb7,Delcatty ex 91/100 Crystal Guardians holo,2025-10-31 12:51:21.791+00,2025-10-31 12:51:21.524337+00
0647d94e-a300-4e86-a3bb-dbc7bec50328,Munchlax 70 70/111 Rising Rivals reverse holo,2025-10-30 15:10:45.288+00,2025-10-30 15:10:44.798316+00
0699f937-6ba1-4c28-ba9f-a54a68e3295a,"Team Magma's Groudon ""9/95"" Team Magma vs Team Aqua reverse holo",2025-12-06 18:24:29.039+00,2025-12-06 18:24:30.711177+00
0799c8eb-4bf9-4ec6-a2ed-28ce20963280,"Dragonite Delta Species ""3/113"" Delta Species reverse holo",2025-11-30 21:35:46.679+00,2025-11-30 21:35:45.597021+00
07d30554-e31e-4adf-b0dc-0041de9bac6f,Pikachu 94/123 Mysterious Treasures reverse holo,2025-10-29 13:45:52.311+00,2025-10-29 13:45:53.329204+00
086274a8-b943-4b13-9c1b-264d6a7bddbe,All Night Party 96/122 BREAKpoint reverse holo,2025-10-29 13:00:39.616+00,2025-10-29 13:00:40.882731+00
08845d74-bf50-42f1-be17-e9b0e8efdc9f,Typhlosion Delta Species 12/101 Dragon Frontiers reverse holo,2025-10-31 12:51:24.613+00,2025-10-31 12:51:24.339079+00
08a69b1b-eb8e-4374-a47f-0d77fb3af417,"Magmortar Lv.X ""123/123"" Mysterious Treasures holo",2026-03-10 20:06:13.302+00,2026-03-10 20:06:14.153183+00
08c5a7f2-9774-44e4-8c13-587157bbe1d0,Unown N N/28 Unseen Forces holo,2025-11-16 05:30:18.067+00,2025-11-16 05:30:18.332282+00
09780edc-37e3-443e-95b6-4a162836f1ee,Nidoqueen Prerelease Staff SM Promos SM160 holo,2025-10-31 11:52:51.184+00,2025-10-31 11:52:50.989398+00
09fff5c6-aeb7-4446-9866-75580a09ba1c,Forretress 6/115 Unseen Forces reverse holo,2025-10-29 18:57:18.783+00,2025-10-29 18:57:20.089264+00
0a6a19b6-7668-4c7c-bcfb-7498732a3395,Magnezone LV.X 142/146 Legends Awakened holo,2025-10-31 11:51:53.446+00,2025-10-31 11:51:54.052434+00
0ac6df09-95bd-43e4-b568-344f34e7fd84,Ancient Mew Japanese Exclusive Print Miscellaneous Cards & Products 1 holo,2025-10-29 19:02:27.351+00,2025-10-29 19:02:28.062939+00
0b5ed7a0-e753-45b7-8b64-7e78a7e6e922,Ultra Necrozma GX  Jumbo Cards SM126 holo,2025-10-29 19:33:16.877+00,2025-10-29 19:33:17.459947+00
0ba41813-0e8c-4eba-be22-fa5fd1d7e3f0,Victory Cup Battle Road Spring 2013 2nd Place Black and White Promos BW30 holo,2025-10-23 21:35:06.64+00,2025-10-23 21:35:06.103472+00
0c30621e-9f8c-459d-8faa-4823edc66278,Blastoise 2/132 Secret Wonders reverse holo,2025-11-17 03:09:10.25+00,2025-11-17 03:09:09.655471+00
0c6f78af-72a5-4da4-971a-a0414755e2d6,"Meganium ex ""106/115"" Unseen Forces holo",2025-12-27 15:19:51.344+00,2025-12-27 15:19:52.057395+00
0cd3fe04-9868-4e0e-8acd-c5870d7595d8,Primal Kyogre EX Alpha 149 Full Art 149/160 Primal Clash holo,2025-10-31 02:44:46.975+00,2025-10-31 02:44:47.557205+00
0cf1d6de-e8f5-476c-a963-c37673fe80a3,Mewtwo LV.X 144/146 Legends Awakened holo,2025-10-31 03:18:14.974+00,2025-10-31 03:18:15.308361+00
0d935871-912d-47e3-846d-a9bef2be61ca,"Magneton ""009/102"" Base Set (Shadowless)",2026-02-06 12:51:12.656+00,2026-02-06 12:51:10.749281+00
0e1c54ab-4350-41eb-bdd1-1cd739f19b96,Landorus EX 144 Full Art 144/149 Boundaries Crossed holo,2025-10-31 13:32:57.316+00,2025-10-31 13:32:56.979258+00
0ed655e8-df27-41b8-97e4-7f35b2a8ddee,Salamence Delta Species 14/113 Delta Species reverse holo,2025-11-23 05:21:00.609+00,2025-11-23 05:20:59.625472+00
0f487039-1453-4966-a92c-6f7ca68180e5,Banette GX Secret 174/168 Celestial Storm holo,2025-10-31 12:01:39.049+00,2025-10-31 12:01:38.960867+00
0f65ca4c-b5e6-4a97-a342-6e570bdda908,Wash Rotom Rising Rivals RT5 reverse holo,2026-03-10 15:49:05.115+00,2026-03-10 15:49:04.633606+00
0f9dfa66-ceed-4370-a14d-442774ab49a8,Milotic Shiny Supreme Victors SH7 reverse holo,2025-12-27 15:55:35.926+00,2025-12-27 15:55:36.341826+00
0feb501f-16bc-40e9-b29e-eea68d20531f,Detective Pikachu  SM Promos SM170 holo,2025-10-29 17:54:27.754+00,2025-10-29 17:54:28.555882+00
102e7ed5-4a4f-4544-9ff6-e28438d49bbb,Teammates 160 Full Art 160/160 Primal Clash holo,2025-10-31 12:10:38.815+00,2025-10-31 12:10:38.693912+00
10b36102-67ec-4fec-9023-200bc2c07b69,Rayquaza 20/95 Call of Legends reverse holo,2025-10-30 14:47:28.391+00,2025-10-30 14:47:28.229644+00
11045b21-bf16-40d5-b450-4b83a3ba0d21,"Magcargo ex ""95/97"" Dragon holo",2025-12-06 00:11:53.693+00,2025-12-06 00:11:50.462384+00
1227ba65-6b0f-446f-b15b-e506cffec4f9,"Raichu & Alolan Raichu GX Secret ""241/236"" Unified Minds holo",2026-02-27 19:04:59.038+00,2026-02-27 19:04:52.03137+00
12389144-584d-4e0b-905d-cfebc3e36fa9,Wooper Delta Species 71/101 Dragon Frontiers reverse holo,2025-10-30 15:16:29.844+00,2025-10-30 15:16:29.2297+00
125cd751-ee57-4491-a04e-db02951d6c07,Charizard Celebrations Metal Card,2025-10-24 02:05:52.619+00,2025-10-24 02:05:51.648423+00
144f74bc-9227-4dfd-afea-49058afa9fab,Beedrill Delta Species 1/113 Delta Species reverse holo,2025-10-30 15:43:02.918+00,2025-10-30 15:43:02.06194+00
145bf71f-aa51-4b29-af23-f699c3262fd9,Misdreavus 11/64 Neo Revelation,2025-10-31 12:39:46.042+00,2025-10-31 12:39:45.933668+00
14797b82-98d9-43e5-882d-724b2116b618,Garchomp C Lv.X Supreme Victors 145 holo,2025-10-31 01:53:44.118+00,2025-10-31 01:53:44.650487+00
14d2ef3f-e853-4203-a911-18deefb6e365,Champions Festival World Championships 2018 SM Promos SM148,2025-10-30 15:45:40.832+00,2025-10-30 15:45:40.019962+00
14e29867-ebb9-472c-b1fe-d14e5e5819ab,Arceus LV.X  Diamond and Pearl Promos DP53 holo,2025-10-31 12:08:26.215+00,2025-10-31 12:08:25.995012+00
1538d54a-d5f4-410b-8c06-d03e05d6aafe,Paradise Resort World Championships 2024 Scarlet & Violet Promo Cards 150,2025-12-12 03:34:46.853+00,2025-12-12 03:34:46.17556+00
1607ff82-2002-447e-b8e5-cc23df04d139,Radiant Heatran 027/189 Prize Pack Series Cards holo,2025-10-31 13:06:01.003+00,2025-10-31 13:06:00.80753+00
1649c7f9-49f7-4966-8f97-a986353269a6,"Raichu Delta Species ""15/110"" Holon Phantoms reverse holo",2026-03-10 11:30:47.984+00,2026-03-10 11:30:48.10885+00
16cbde2a-bc43-4518-91e9-a071a1ebd723,Ursaring Prime 89/95 Unleashed holo,2025-10-31 03:02:44.955+00,2025-10-31 03:02:45.431005+00
17a03267-4a4b-4762-a2ca-b1739ba708a4,Dialga LV.X  Diamond and Pearl Promos DP17 holo,2025-10-31 02:30:23.397+00,2025-10-31 02:30:23.926284+00
17cd398b-1626-4e2a-82a1-78edf0c11aab,Champions Festival World Championships 2017 SM Promos SM78,2025-10-23 03:11:34.984+00,2025-10-23 03:11:33.829773+00
18600fbf-4b04-4527-a7bb-53841c0d8bd6,Steelix Prime 87/95 Unleashed holo,2025-10-31 02:27:26.835+00,2025-10-31 02:27:27.357077+00
18ab8ae0-6db0-4e44-8316-01d9614881b4,Croconaw 074/165 Expedition reverse holo,2025-10-31 13:21:38.319+00,2025-10-31 13:21:38.044499+00
18fed248-292e-41f5-9818-8afd4add5e48,"Shedinja ""14/107"" Deoxys reverse holo",2025-12-15 03:36:31.293+00,2025-12-15 03:36:22.939477+00
196a737e-e417-4bd7-a9eb-59ff205929fd,Crobat Delta Species 2/113 Delta Species reverse holo,2025-10-29 13:25:51.794+00,2025-10-29 13:25:52.8738+00
19ecb501-e3e9-4492-b02c-c9e979802c5b,"Tyranitar 29 ""029/165"" Expedition reverse holo",2025-12-01 02:38:02.464+00,2025-12-01 02:38:00.675668+00
1a68aefb-9f83-449e-b464-fded5b4ea5ce,Champions Festival 2015 Staff XY Promos XY91,2025-10-23 03:10:27.718+00,2025-10-23 03:10:26.790028+00
1b7619cb-d2b7-44dd-9524-c0c2bf7b07fb,Pikachu on the Ball Pokemon Futsal,2025-10-30 13:01:46.029+00,2025-10-30 13:01:45.401817+00
1bc6ced0-5cbe-4c2f-8552-8454680e82e6,M Swampert EX XY Promos XY87 holo,2025-10-31 13:01:06.798+00,2025-10-31 13:01:06.512136+00
1bdc7bed-d822-41f9-9f03-7a212f1008fc,"Dusclops ""7/107"" Deoxys reverse holo",2026-03-10 16:32:46.215+00,2026-03-10 16:32:45.654958+00
1c1cd91e-47d9-46d6-a740-1ffef7237024,Radiant Alakazam 059/195 Prize Pack Series Cards holo,2025-10-31 02:53:40.351+00,2025-10-31 02:53:40.837016+00
1c3c5946-0ac4-4016-9af1-e595ee7432fb,Zapdos ex 116/112 FireRed & LeafGreen holo,2025-10-31 13:20:29.548+00,2025-10-31 13:20:29.221007+00
1cc04930-950e-4219-9e82-b9d7875f097c,Suicune 53/53 WoTC Promo,2025-10-31 13:44:06.182+00,2025-10-31 13:44:05.825135+00
1daf92d9-37b4-4f1a-a805-649bdafd3542,Teal Mask Ogerpon Twilight Masquerade Stamp,2025-10-29 13:56:20.775+00,2025-10-29 13:56:21.996655+00
1db20c7d-89b7-4563-b182-6d96873af7ad,Charmander GameStop Exclusive,2025-10-29 15:50:59.836+00,2025-10-29 15:51:01.055582+00
1e11bfd5-f6fe-4753-81a1-7fc65196c7b5,Giratina LV.X  Diamond and Pearl Promos DP38 holo,2025-11-16 05:09:41.827+00,2025-11-16 05:09:42.102659+00
1e95493a-4942-430c-9da9-c0d3021c01bc,"Mew EX 120 Full Art ""120/124"" Dragons Exalted holo",2025-12-12 03:37:26.543+00,2025-12-12 03:37:26.03665+00
1ecf4683-f6c9-4cfb-82db-d0bd31f02e5a,Koraidon European Promo,2025-10-29 19:01:34.067+00,2025-10-29 19:01:34.732027+00
1fe6befa-e340-4edf-a08a-1a14da239f0c,Chansey ex 96/109 Ruby and Sapphire holo,2025-10-30 13:12:21.553+00,2025-10-30 13:12:20.925182+00
1ff928d1-55e4-4719-868a-66187de9110e,"Umbreon ""22/95"" Call of Legends reverse holo",2026-03-09 15:25:06.628+00,2026-03-09 15:25:07.212526+00
20a596ae-5ffd-4a39-ae06-69bdd1c3ff75,Gengar 5/92 Legend Maker reverse holo,2025-10-31 13:10:05.585+00,2025-10-31 13:10:05.381712+00
20c47da8-bcc2-496e-9c0b-5cd0e561d4bc,Claydol ex 93/108 Power Keepers holo,2025-10-31 12:00:45.121+00,2025-10-31 12:00:44.929658+00
217a7b1d-6b7c-4e90-9778-cca37a20379b,Mew Trainer's Challenge Set Nintendo Promos 040 holo,2026-02-05 20:24:14.345+00,2026-02-05 20:24:13.439657+00
2197fbb7-c24c-444e-85d5-a1a8d475b542,Blaziken FB Lv.X Supreme Victors 142 holo,2025-10-31 13:41:25.394+00,2025-10-31 13:41:25.12784+00
21d9facb-2b1a-437d-afe3-c13cde1550bb,Gengar V 156/264 Prize Pack Series Cards holo,2025-11-07 19:43:58.736+00,2025-11-07 19:43:58.034392+00
22534aa9-61d1-43f1-b540-82d6c59ceff0,"Houndoom ""5/90"" Undaunted reverse holo",2025-11-30 22:56:42.261+00,2025-11-30 22:56:40.95909+00
255b1c91-1c98-4621-8e6c-dfa166e94e9b,Zapdos  Supreme Victors 150 holo,2025-12-27 16:29:30.594+00,2025-12-27 16:29:31.05413+00
266fa707-2ef4-4f13-b124-2a503b560d2d,Unown K K/28 Unseen Forces holo,2025-10-31 12:08:04.328+00,2025-10-31 12:08:04.201643+00
2731dcd4-1a0b-4200-a984-e1330a23182c,"Absol ex ""92/108"" Power Keepers holo",2025-12-27 16:25:40.265+00,2025-12-27 16:25:41.042681+00
27b17b44-e567-4b66-bfc6-666c8249b8df,Leafeon 7 7/100 Majestic Dawn reverse holo,2025-10-31 13:01:07.878+00,2025-10-31 13:01:07.582717+00
27cd5ba7-fdb5-44f7-b4dc-344ec49addea,Snorlax Prerelease Sword & Shield Promo Cards SWSH068 holo,2025-10-29 13:06:34.676+00,2025-10-29 13:06:35.843379+00
28f26ac4-b022-47d1-9a48-fec35c8f753a,Giratina Team Plasma Black and White Promos BW74 holo,2025-12-12 04:27:13.459+00,2025-12-12 04:27:12.751478+00
2933b12a-8396-4901-8d37-4d28038c3d80,Pikachu Jungle Pikachu World Collection Promos 60,2025-10-31 12:01:40.149+00,2025-10-31 12:01:39.94659+00
299c1d0b-8432-44c7-bbf6-d423d5a3e7f5,Dark Weezing 42/109 Team Rocket Returns reverse holo,2025-10-31 13:20:28.267+00,2025-10-31 13:20:28.017206+00
2a49eb7a-5ac7-4211-a099-c6ba1c592949,M Charizard EX X Secret 108/106 Flashfire holo,2025-11-21 19:46:50.225+00,2025-11-21 19:46:49.923064+00
2b0c2570-8bdd-41bc-b1b7-62ce221795c8,"Zapdos ex ""116/112"" FireRed & LeafGreen holo",2025-12-12 03:49:03.529+00,2025-12-12 03:49:03.418769+00
2b2e544b-b779-4b23-ac4c-1f06a2c78cf0,Random Receiver 138/135 Plasma Storm holo,2025-10-30 13:20:31.536+00,2025-10-30 13:20:31.00565+00
2b7cbac9-1598-4081-8cea-b7d4aad1a7c0,Infernape LV.X  Diamond and Pearl Promos DP10 holo,2025-10-30 13:14:51.014+00,2025-10-30 13:14:50.615827+00
2bc91a8e-9eb6-4db9-b7ea-5c22153513bb,Garchomp C LV.X  Diamond and Pearl Promos DP46 holo,2025-10-31 02:49:20.121+00,2025-10-31 02:49:20.660626+00
2d112263-4914-43da-aecd-d5d82da37cd3,Duraludon EB Games Exclusive Miscellaneous Cards & Products SWSH028 holo,2025-10-23 20:42:45.402+00,2025-10-23 20:42:44.743869+00
2d30dedc-75c0-4f97-960d-b1a400cf27e3,Suicune 14 14/64 Neo Revelation,2025-10-31 13:33:01.854+00,2025-10-31 13:33:01.523304+00
2e009931-e304-4003-ae15-89ffb623383c,Tyranitar ex Delta Species 99/101 Dragon Frontiers holo,2025-10-23 21:32:34.055+00,2025-10-23 21:32:33.417261+00
2e7c72db-bf99-4e43-9ed6-99ebe1a4d55b,"Pikachu ""124/165"" Expedition reverse holo",2026-03-10 20:02:33.029+00,2026-03-10 20:02:33.830595+00
2e92956e-6ef0-458c-95e7-c7a4e37cdc5a,"Venusaur ""3/108"" Dark Explorers reverse holo",2025-11-30 23:28:41.49+00,2025-11-30 23:28:40.1844+00
2ecfa4ba-1391-4b70-bde9-a9be63ea20de,Ho Oh 27/115 Unseen Forces reverse holo,2025-10-31 02:51:01.974+00,2025-10-31 02:51:02.399201+00
304d622f-1af1-47b2-83f0-e8bf3d3c30f4,"Darkrai G ""3/111"" Rising Rivals reverse holo",2026-02-05 19:55:08.573+00,2026-02-05 19:55:07.289176+00
3200ec9f-5987-4033-a4a3-b8cd73791cfd,Mewtwo Rumble 9 holo,2026-03-10 00:44:22.137+00,2026-03-10 00:44:17.654769+00
32967a3b-592f-49f2-9e35-79e0db5c8f2d,Regigigas LV.X 100/100 Stormfront holo,2025-10-31 12:07:23.635+00,2025-10-31 12:07:23.431245+00
32a4bf0e-2051-42fe-b7e5-f0bc4a4fdc69,Blastoise 13/95 Unleashed reverse holo,2025-10-31 03:13:50.743+00,2025-10-31 03:13:51.228463+00
3450caa9-9088-4e04-b430-96012087ee54,Latias Delta Species 8/113 Delta Species reverse holo,2025-11-23 05:26:06.232+00,2025-11-23 05:26:05.354149+00
34745853-71d7-4a25-8c58-7ba7686b8a55,Magikarp 118/165 Expedition reverse holo,2025-10-31 13:12:16.694+00,2025-10-31 13:12:16.385204+00
34ab516b-832d-4748-a852-a459bb6eba0e,Dark Arbok W Stamped 19/82 WoTC Promo,2025-10-31 02:53:41.95+00,2025-10-31 02:53:42.332575+00
3551657d-effb-424e-8fb9-33b3bd3fd0a9,"Slugma ""77/109"" Team Rocket Returns reverse holo",2025-12-07 05:57:34.663+00,2025-12-07 05:57:35.846691+00
35a023bd-7a25-45aa-9b62-c47eb79d569c,Rare Candy 88/100 Sandstorm reverse holo,2025-10-30 15:07:49.361+00,2025-10-30 15:07:48.67295+00
35bcb4bc-2845-49ff-b47b-b8bf8725f01b,Articuno GX Secret 171/168 Celestial Storm holo,2025-10-31 13:41:24.311+00,2025-10-31 13:41:24.016774+00
35c4affe-459f-47aa-9fa3-3139a3a90516,Zacian V 138/202 Prize Pack Series Cards holo,2025-11-08 19:03:02.667+00,2025-11-08 19:03:01.250036+00
360f4525-4865-469e-b841-6dfa1439a39d,"Victreebel H30 ""H30/H32"" Aquapolis holo",2026-03-10 11:38:03.447+00,2026-03-10 11:38:03.722703+00
3615f315-1173-4318-83f5-ce5aa4229f04,Iron Thorns Pokemon Center Scarlet & Violet Promo Cards 098 holo,2025-12-27 15:30:29.578+00,2025-12-27 15:30:30.045193+00
36290f19-2c2b-4f30-81af-763b63a6f323,Flareon E4 60/111 Rising Rivals reverse holo,2025-10-29 19:43:54.203+00,2025-10-29 19:43:54.867815+00
379475f4-f20d-4de9-b1b0-c2189ad6681d,"Arcanine ""1/111"" Rising Rivals reverse holo",2025-12-07 05:58:02.068+00,2025-12-07 05:58:03.255203+00
37ef771c-031c-43a9-9c3a-70e73e130578,"Gengar ""18/100"" Stormfront reverse holo",2026-02-05 19:52:57.862+00,2026-02-05 19:52:56.514934+00
38969ebb-d16d-43f9-9b15-69fc074d72d7,Pikachu Delta Species Value Pack Nintendo Promos 035 holo,2026-02-05 16:00:13.302+00,2026-02-05 16:00:12.463345+00
38a47f50-888f-4a33-9de5-0565b88d53fd,Venusaur 28/100 Crystal Guardians reverse holo,2025-11-29 01:26:49.466+00,2025-11-29 01:26:49.096467+00
38bc22fa-4e5a-4c3f-b969-db65e6deb77a,Dragonite EB Games Exclusive,2025-10-24 02:58:03.078+00,2025-10-24 02:58:01.979964+00
391c19e2-8c5d-415d-b8d3-7b803174d312,Groudon EX 106 Full Art 106/108 Dark Explorers holo,2025-10-30 20:12:04.743+00,2025-10-30 20:12:04.966053+00
3a4a919a-95d1-4401-a61d-0da4ec8a0d0f,Nidoking Delta Species 6/101 Dragon Frontiers reverse holo,2025-10-31 03:15:59.349+00,2025-10-31 03:15:59.784989+00
3ae3bdbc-544a-4b62-a7bd-729dc56200d1,Darkrai GX Secret 158/147 Burning Shadows holo,2025-10-31 11:58:23.449+00,2025-10-31 11:58:23.239577+00
3ae621cf-dc2e-42fb-9cda-b8f9cb85dc8e,"Reshiram EX 95 Full Art ""95/99"" Next Destinies holo",2025-11-30 21:51:05.122+00,2025-11-30 21:51:04.612801+00
3b260fec-800a-4eb8-b65d-0724fe4fc62b,"Machamp ""9/92"" Legend Maker reverse holo",2025-11-30 23:04:10.421+00,2025-11-30 23:04:09.37899+00
3b85de88-4852-4d5a-83a8-4244fa056a17,Ancient Mew Miscellaneous Cards & Products 1 holo,2026-03-09 17:36:45.293+00,2026-03-09 17:36:45.788842+00
3bea264a-3f0c-45a9-b3f2-96704576dbe6,"Rocket's Wobbuffet ""47/109"" Team Rocket Returns reverse holo",2026-02-06 16:04:08.52+00,2026-02-06 16:04:06.291385+00
3c93e4c8-74a6-459a-b57b-a1b14e13f6e0,Uxie 43/146 Legends Awakened reverse holo,2025-10-31 12:03:40.052+00,2025-10-31 12:03:40.022687+00
3c9ecb73-4209-44ba-a024-72635690e0e9,"Azumarill ""114/113"" Delta Species holo",2026-03-09 18:21:39.878+00,2026-03-09 18:21:40.429754+00
3ccb2b7d-fa19-408c-b36a-8c8760da6c52,"Feraligatr 47 ""047/165"" Expedition reverse holo",2025-12-01 03:40:13.161+00,2025-12-01 03:40:11.175843+00
3d2f3d6d-8976-4df9-841e-a7cbeae7aff2,Heatran LV.X  Diamond and Pearl Promos DP31 holo,2025-11-16 05:31:47.909+00,2025-11-16 05:31:48.147088+00
3d8a2d10-a56e-446a-b5de-7d517e4bdfad,Dialga GX Secret 138/131 Forbidden Light holo,2025-10-31 13:26:56.601+00,2025-10-31 13:26:56.656082+00
3d9d8374-e23a-4b8c-844a-09b17764d7fe,"Milotic ""12/101"" Hidden Legends reverse holo",2025-12-07 06:00:18.497+00,2025-12-07 06:00:19.694089+00
3db6696d-3716-419a-b3e4-d7027f8103bd,Trevenant Prerelease Staff XY Promos XY94 holo,2026-02-05 20:17:48.947+00,2026-02-05 20:17:47.79733+00
3e087b99-6e74-454d-b13b-712c823b4a28,"Ledyba ""07/18"" Southern Islands reverse holo",2025-12-17 03:43:46.325+00,2025-12-17 03:43:44.226587+00
3e859376-0bf4-423b-a399-9fb807b035f6,Mew Glossy Finish WoTC Promo 8,2025-11-30 23:27:13.339+00,2025-11-30 23:27:12.029394+00
3e9ca36c-6b5e-4728-a36c-a2b40e5001a2,"Mew ""15/132"" Secret Wonders reverse holo",2025-11-30 22:55:34.476+00,2025-11-30 22:55:33.392549+00
3ec780f0-e436-4cb8-af2c-9988154d892d,Butterfree 5 005/165 Expedition reverse holo,2025-10-30 15:44:14.842+00,2025-10-30 15:44:14.033936+00
3f2b7e46-800f-4c11-98a5-8bc46b29050a,Floatzel GL Lv.X 104/111 Rising Rivals holo,2025-10-31 12:59:48.163+00,2025-10-31 12:59:47.855758+00
40492480-aafb-4af1-aa45-18933fadc52a,Ancient Ruins 119/144 Skyridge reverse holo,2025-10-30 13:38:28.301+00,2025-10-30 13:38:27.554958+00
41fc136c-d043-4196-8ab1-52a267c63e27,"Togetic Delta Species ""11/101"" Dragon Frontiers reverse holo",2025-11-30 23:21:09.041+00,2025-11-30 23:21:07.907593+00
42f76b3f-b888-4db0-9c46-f4decae6b5ba,"Munchlax ""68/100"" Majestic Dawn reverse holo",2025-12-07 05:54:36.462+00,2025-12-07 05:54:37.697172+00
43486ddf-c906-41be-abd8-c12452573a71,Gengar Lv.X 97/99 Arceus holo,2025-10-31 11:54:35.788+00,2025-10-31 11:54:35.596559+00
436fa83f-28ac-4ce9-b389-9d1963882bf7,Greninja GX Secret 133/131 Forbidden Light holo,2025-10-31 13:22:33.295+00,2025-10-31 13:22:33.066026+00
44c0aab1-1905-4b02-a600-aa217857b3a6,"Kingdra Delta Species ""10/110"" Holon Phantoms reverse holo",2026-03-09 17:37:31.433+00,2026-03-09 17:37:31.989127+00
453179a2-db61-4526-9d1f-03228cca900c,Exeggcute 76 076/147 Aquapolis reverse holo,2025-11-29 02:39:39.948+00,2025-11-29 02:39:39.51693+00
45423fe7-7144-42ba-9ff9-a4eb39dc0d31,Lugia 29/115 Pokemon Rocks America,2025-10-30 13:03:31.855+00,2025-10-30 13:03:31.256311+00
458e3e4a-1c37-4556-94f3-b49ef50bea97,Milotic 12/101 Hidden Legends reverse holo,2025-10-31 12:51:20.81+00,2025-10-31 12:51:20.656494+00
4679a1e6-fbe8-4fab-bf21-80415504b384,"Snorlax Delta Species ""10/101"" Dragon Frontiers reverse holo",2025-12-06 06:47:29.392+00,2025-12-06 06:47:30.234176+00
46e81020-ab35-4b9c-aebf-8f94b74cc4d2,Honchkrow LV.X 132/132 Secret Wonders holo,2025-10-30 13:51:47.861+00,2025-10-30 13:51:47.344274+00
470a763a-3503-4460-84c9-aaf4958771ec,Hop's Snorlax Prerelease Staff Scarlet & Violet Promo Cards 184 holo,2025-10-30 20:00:25.747+00,2025-10-30 20:00:25.474709+00
477c27ec-bae4-404b-beb6-868ad9c469c2,Latios Cracked Ice Holo HGSS Promos HGSS11 holo,2025-10-30 20:18:11.249+00,2025-10-30 20:18:11.206022+00
47a14bfc-7da0-43c7-9cd2-322d9897e278,Blastoise 2/127 Platinum reverse holo,2025-10-31 13:14:49.605+00,2025-10-31 13:14:49.356088+00
47aa8db0-662a-4af5-b57f-151f358ce990,Charizard 6/108 Power Keepers reverse holo,2025-10-30 15:47:01.131+00,2025-10-30 15:47:00.33207+00
47ebe5d4-65eb-459b-a338-c2386d66a822,Archaludon Stellar Crown Stamp,2025-12-06 00:39:57.383+00,2025-12-06 00:39:54.133269+00
48bd1cb6-8921-4581-b069-716fafb36d6a,Unown ? ?/28 Unseen Forces holo,2025-10-29 12:32:31.671+00,2025-10-29 12:32:32.793489+00
48c80463-916c-4240-ba8e-115db4e4ea2f,Giratina 10 10/127 Platinum reverse holo,2025-11-17 03:20:48.187+00,2025-11-17 03:20:47.708787+00
48e034ba-cc23-44be-b073-4ad5c7263a50,Pikachu Pokemon Center Exclusive Scarlet & Violet Promo Cards 027 holo,2025-11-08 19:03:39.765+00,2025-11-08 19:03:38.329476+00
48f6e875-3dd9-426c-b610-f0c566d194dd,"Latios ex ""94/97"" Dragon holo",2026-03-10 00:47:30.328+00,2026-03-10 00:47:25.833334+00
4b6fa5b5-31e3-4d09-8304-34763143b812,Iron Moth EB Games Promo,2025-12-07 05:57:35.905+00,2025-12-07 05:57:37.090634+00
4be338fa-1298-4ef4-ace5-5e772c4ed7cd,Paradise Resort World Championships 2023 Scarlet & Violet Promo Cards 045,2025-11-23 04:19:04.696+00,2025-11-23 04:19:03.787152+00
4c1be37c-b44b-44a7-a603-ca25ec9b0874,Feraligatr Delta Species 2/101 Dragon Frontiers reverse holo,2025-11-23 05:26:23.932+00,2025-11-23 05:26:22.929444+00
4c347073-dda0-4c54-a2d7-2ede54d1dd68,unopened Articuno ex EX Collector's Window Tins Nintendo Promos 032 holo,2025-12-12 03:59:24.025+00,2025-12-12 03:59:23.228012+00
4c87bc15-cfb7-423a-8a45-b890c0bd39b4,Charmander Reverse Cosmos Holo,2025-11-21 04:00:38.476+00,2025-11-21 04:00:38.218334+00
4e494855-edca-4918-9af4-33fb9b2024c4,Meganium Delta Species 4/101 Dragon Frontiers reverse holo,2025-10-31 12:51:23.746+00,2025-10-31 12:51:23.467752+00
4e4aa7d7-1cba-4b49-8ce4-165de7526a6e,M Gardevoir EX 156 Full Art 156/160 Primal Clash holo,2025-10-31 13:10:08.953+00,2025-10-31 13:10:08.655378+00
4e7b767f-7258-4afc-97fc-908849e94292,Celebi EX 9/149 Boundaries Crossed holo,2025-10-31 03:13:51.783+00,2025-10-31 03:13:52.125773+00
4f0bab23-0ef1-4d44-84ab-16373bbc7cfa,Snorlax 109/149 Boundaries Crossed reverse holo,2025-10-29 13:08:23.72+00,2025-10-29 13:08:24.803316+00
50db420f-ec44-4c9a-9a90-add47b5b7f1f,"White Kyurem EX 146 Full Art ""146/149"" Boundaries Crossed holo",2026-02-27 15:35:51.151+00,2026-02-27 15:35:45.049726+00
519cd695-dfe7-4944-9de5-5cb2720a5d43,"Poliwag ""125/165"" Expedition reverse holo",2026-03-10 20:12:04.343+00,2026-03-10 20:12:05.192223+00
51ef21e6-8b9c-462b-9374-7d418a52cb10,Celebi Prime 92/102 Triumphant holo,2025-10-31 02:26:30.392+00,2025-10-31 02:26:31.485791+00
53b6c3e2-6485-478b-bd83-ffe5c956f573,Reshiram EX 95 Full Art 95/99 Next Destinies holo,2025-10-31 03:02:13.923+00,2025-10-31 03:02:14.492359+00
541f9da8-00c8-4613-9000-3d01d9728211,______'s Pikachu Pikachu World Collection Promos 24,2025-10-29 12:28:59.319+00,2025-10-29 12:29:01.115421+00
544c1e00-0e1f-4df8-a521-9ad082e4a168,Charizard G Lv.X Supreme Victors 143 holo,2026-03-06 12:42:14.8+00,2026-03-06 12:42:14.992992+00
54de8b42-dc81-4d7c-9f75-f1adbf8c4a14,Terrakion 99 Full Art 99/101 Noble Victories holo,2025-10-31 03:05:40.156+00,2025-10-31 03:05:40.501575+00
561cffc5-7e1a-42f0-ac08-3ac5a59b9d26,Glaceon GX Secret Rare 159/156 Ultra Prism holo,2025-10-31 11:54:32.581+00,2025-10-31 11:54:32.442119+00
56220824-e827-41d8-b15b-b6801270fd49,"Eevee ""55/115"" Unseen Forces reverse holo",2025-12-06 00:45:23.46+00,2025-12-06 00:45:20.144686+00
562f5e12-7cdd-40c6-9e73-55f5f93cca71,Charizard 19/113 Cosmos Holo,2025-12-17 03:37:07.063+00,2025-12-17 03:37:04.913506+00
56f2bc7d-61eb-407a-bc6a-cb7422efbe04,Tropical Wind Worlds 09 Staff Diamond and Pearl Promos DP48,2025-12-06 06:32:16.435+00,2025-12-06 06:32:16.796573+00
57046a8a-9de0-4a53-861f-069f83a3ff33,Armaldo ex 84/92 Legend Maker holo,2025-10-30 15:41:47.469+00,2025-10-30 15:41:46.831043+00
585782ed-a140-409b-aa49-df01ca9d880e,"Rhyhorn ""62/106"" Emerald reverse holo",2026-03-09 18:14:01.694+00,2026-03-09 18:14:02.726508+00
5892033f-a8dd-4c58-abc0-f99ca7ff557b,Arcanine 22/132 Secret Wonders reverse holo,2025-11-16 05:32:08.018+00,2025-11-16 05:32:08.222548+00
5907500b-d4ac-4039-afdb-2f12775c34ae,Hop's Snorlax GameStop Cosmos Holo,2025-10-29 13:51:54.237+00,2025-10-29 13:51:55.496204+00
59516d7d-d944-460d-a4c8-66c8137383b7,Munchlax 68/100 Majestic Dawn reverse holo,2025-10-31 13:40:01.246+00,2025-10-31 13:40:00.926867+00
5962f81c-1a38-45c3-ad20-ae7f332900c4,Water Energy 2023 Professor Program Promos 003 holo,2025-10-29 13:22:31.7+00,2025-10-29 13:22:32.869888+00
5a0591f4-4bec-4f4b-82c7-7e80f08891d9,Electivire FB Lv.X Supreme Victors 144 holo,2025-10-30 13:04:22.075+00,2025-10-30 13:04:21.603333+00
5a0a044c-a467-4ab0-9f8d-b19764a4f8d6,Snorlax Delta Species 10/101 Dragon Frontiers reverse holo,2025-10-24 01:59:28.85+00,2025-10-24 01:59:28.004833+00
5a4171fe-d13c-4cb3-b666-8bf7599555a6,"Umbreon ""24/100"" Sandstorm reverse holo",2025-12-06 00:10:48.696+00,2025-12-06 00:10:45.553577+00
5c60a7dc-0670-47ad-a505-b7536a59214e,Champions Festival 2014 Staff XY Promos XY27 holo,2025-10-23 19:49:12.343+00,2025-10-23 19:49:11.998165+00
5c66c3f0-fe67-4db0-b08f-93004073f7ec,Illumise 32/106 Emerald reverse holo,2025-10-29 13:58:30.424+00,2025-10-29 13:58:31.557216+00
5c77b536-e675-4c21-ae8e-7e3e7e58e949,Mew 19 019/165 Expedition reverse holo,2025-10-31 03:12:45.636+00,2025-10-31 03:12:46.204447+00
5dc193f5-469d-47ba-8770-e90d0f03d51e,M Tyranitar EX 92 Full Art 92/98 Ancient Origins holo,2025-11-17 03:07:34.437+00,2025-11-17 03:07:33.855853+00
5dddf87a-ea20-48d5-b841-4e3582290218,Glaceon 5 5/100 Majestic Dawn reverse holo,2025-10-31 13:09:12.012+00,2025-10-31 13:09:11.806526+00
5ea97b64-0738-4041-ad4c-4b252fde2008,"Luxray GL Lv.X ""109/111"" Rising Rivals holo",2026-02-27 18:51:38.874+00,2026-02-27 18:51:32.094169+00
5ee67d8c-9c55-4c7d-be83-3cdf916242e5,Tinkaton ex  262/193 Paldea Evolved holo,2025-10-29 19:34:07.175+00,2025-10-29 19:34:07.922223+00
5f6eb5b4-3c78-4d3e-82b1-48f8f4690f7f,"Ampharos ""01/64"" Neo Revelation",2025-12-15 03:32:38.897+00,2025-12-15 03:32:30.583949+00
5fc9defb-27d8-48b2-b951-d46bef3ed4f2,Shaymin V 013/172 Prize Pack Series Cards holo,2025-10-31 13:18:44.549+00,2025-10-31 13:18:44.411821+00
60042b6b-a180-4a29-a1c4-f515b5a3f1e1,Hitmonchan ex 98/109 Ruby and Sapphire holo,2025-10-31 11:52:52.371+00,2025-10-31 11:52:52.21072+00
60630a43-8f8d-43cc-a7a7-7780bd67c80d,Champions Festival Worlds 13 Staff Black and White Promos BW95,2026-02-27 15:44:03.857+00,2026-02-27 15:43:57.329671+00
60e6f497-c220-4093-a6c3-6dd8009f52b5,Metagross Delta Species 11/113 Delta Species reverse holo,2025-10-31 12:04:38.144+00,2025-10-31 12:04:38.068564+00
61841217-85ff-4191-99df-6c7ab77960e7,"Dragonite ""83/116"" Plasma Freeze reverse holo",2025-12-15 02:11:45.06+00,2025-12-15 02:11:37.049683+00
618783a2-cabd-48a0-81b4-03222508a04f,M Garchomp EX  XY Promos XY168 holo,2025-11-07 20:44:45.986+00,2025-11-07 20:44:44.714614+00
61be16e2-217d-4ab5-9075-e3124b5a21d2,Lucario GX Full Art 122/131 Forbidden Light holo,2025-10-31 13:13:14.13+00,2025-10-31 13:13:13.928436+00
61c05d65-824a-4ae1-a76a-5d59d7456a22,Eevee 63/100 Sandstorm reverse holo,2025-10-30 13:17:44.511+00,2025-10-30 13:17:43.969698+00
61ff5e3e-d5c2-4341-bb83-18db602633e9,"Ho Oh Ex 119 Full Art ""119/124"" Dragons Exalted holo",2025-12-15 01:52:24.457+00,2025-12-15 01:52:16.892941+00
6250ebbd-4fdf-400e-ba34-b4be557b6f67,Leafeon VMAX 008/203 Prize Pack Series Cards holo,2025-10-31 13:38:14.408+00,2025-10-31 13:38:14.225915+00
632f9f4b-e8ab-40e6-ab43-a8354b642542,"Jolteon Team Plasma ""34/116"" Plasma Freeze reverse holo",2025-12-07 05:56:36.878+00,2025-12-07 05:56:38.078941+00
63965b01-f48b-4b4a-a41b-dc39e13903e5,Arceus LV.X  Diamond and Pearl Promos DP56 holo,2025-10-31 03:16:02.713+00,2025-10-31 03:16:03.063331+00
6532467c-4f28-4c15-bd3d-6b8f5ffc8f67,"Uxie ""43/146"" Legends Awakened reverse holo",2025-11-30 23:19:25.853+00,2025-11-30 23:19:24.605948+00
66ca6f91-0f19-447a-987a-5154819c0a20,Teal Mask Ogerpon Cosmos Holo Gamestop Exclusive,2025-10-29 19:30:55.808+00,2025-10-29 19:30:56.451695+00
677bc195-65e6-4186-9b66-967209ab0a68,unopened Pikachu EX Series Collector's Tin Nintendo Promos 012 holo,2025-10-31 02:37:48.67+00,2025-10-31 02:37:49.188229+00
67a6ac20-65d6-4b68-b56d-47aa5e62b862,Victory Cup Battle Road Autumn 2012 1st Place Black and White Promos BW31 holo,2025-10-23 19:55:42.137+00,2025-10-23 19:55:41.569424+00
6866d0d2-0d8d-43c4-a111-30a1424dddce,"Snorlax ""37/130"" Diamond and Pearl reverse holo",2026-02-06 16:04:33.582+00,2026-02-06 16:04:31.129507+00
687fee15-fb30-4283-8ec3-ad0ae69dee53,unopened Zapdos ex EX Collector's Window Tins Nintendo Promos 033 holo,2025-11-23 05:09:38.075+00,2025-11-23 05:09:37.133342+00
68e05ae0-b357-4a70-8dea-c4855e80e86f,Kyogre Prerelease Staff SM Promos SM129 holo,2026-03-10 00:43:57.43+00,2026-03-10 00:43:53.111778+00
69225a27-52cb-4a38-b126-c3562e4b23ae,Espeon  Black and White Promos BW92 holo,2025-10-31 03:05:39.36+00,2025-10-31 03:05:39.709442+00
6a27f426-ce51-4b2c-a05d-ad8298b801eb,Dragonite Delta Species 3/113 Delta Species reverse holo,2025-11-23 04:22:24.071+00,2025-11-23 04:22:23.123215+00
6a9d1e59-a5af-4174-94b4-3d2cad92c09b,Trapinch 68/108 Power Keepers reverse holo,2025-10-30 15:37:12.155+00,2025-10-30 15:37:11.511858+00
6ad91393-c196-4337-9113-6f006e5b2fce,"Charizard ""1/99"" Arceus reverse holo",2025-12-06 00:22:21.188+00,2025-12-06 00:22:18.116299+00
6b6e1b5e-8b2b-490d-a21a-5108e0c803d6,"Manectric ""38/107"" Deoxys reverse holo",2026-02-06 03:38:47.576+00,2026-02-06 03:38:47.227034+00
6c0ca097-f597-44b7-acfa-8a64ec1ba2cf,Flutter Mane Pokemon Center Scarlet & Violet Promo Cards 097 holo,2025-10-31 02:50:22.176+00,2025-10-31 02:50:22.617919+00
6c3b539e-15e3-4ead-9ee7-dba8147b7e68,"Arcanine ""15/100"" Sandstorm reverse holo",2025-12-07 06:00:55.877+00,2025-12-07 06:00:57.064311+00
6da11a35-30ef-4fd6-97f6-e2e9b32442bf,"Rayquaza ex Delta Species ""97/101"" Dragon Frontiers holo",2026-02-27 15:31:05.367+00,2026-02-27 15:30:59.142622+00
6dc40851-2288-474e-9811-b02404147810,"Charmeleon ""102/100"" Stormfront holo",2026-03-10 11:39:17.106+00,2026-03-10 11:39:17.142911+00
6e1cd9ba-c35d-4f5b-8c6b-5296fbf70ce2,"Dark Dragonite ""15/109"" Team Rocket Returns reverse holo",2025-12-01 02:37:44.202+00,2025-12-01 02:37:43.40408+00
6f5932c9-53ca-4295-9f5e-49ed8455778a,Marill 11/18 Southern Islands reverse holo,2025-10-30 12:56:05.933+00,2025-10-30 12:56:05.382351+00
7014d840-b969-42a9-85fc-36b5e3b2a317,Mew Non Holo DVD Promo,2025-10-29 13:09:57.248+00,2025-10-29 13:09:58.387312+00
7151c0bb-8b91-483e-96a2-419c4ac47889,Rocket's Sneasel 5 Winner 005/009 Best of Promos,2025-10-29 13:48:56.644+00,2025-10-29 13:48:57.773605+00
7172fa82-3684-4fd2-acb8-ebc4a2e836ab,"Team Rocket's Moltres ex  ""229/182"" Destined Rivals holo",2025-12-27 15:22:03.757+00,2025-12-27 15:22:04.212491+00
7177f861-3dda-4a8d-b57b-0d83895bb873,Gengar 60/162 Cosmos Holo,2025-10-31 12:06:18.953+00,2025-10-31 12:06:18.75439+00
7222bb96-1dcb-48fb-8106-cca82804556c,Misty's Seadra 009/132 Gym Heroes,2025-10-31 03:15:13.686+00,2025-10-31 03:15:14.222695+00
72b645f0-d182-4ea2-9c43-fdfcc2aca97f,Raikou 13 13/64 Neo Revelation,2025-11-17 02:57:48.739+00,2025-11-17 02:57:48.285654+00
72e6276a-f4c9-4a13-8a51-c169689ba394,"Umbreon ""32/100"" Majestic Dawn reverse holo",2025-12-01 03:38:46.32+00,2025-12-01 03:38:44.342614+00
72fdcc94-58c9-40e2-9601-b24a1be838fc,"Primal Kyogre EX Alpha 149 Full Art ""149/160"" Primal Clash holo",2025-12-12 03:58:58.795+00,2025-12-12 03:58:58.239146+00
733d76f5-8b18-413f-944d-b9b8d2aae26f,Mew EX 120 Full Art 120/124 Dragons Exalted holo,2025-10-29 12:07:38.922+00,2025-10-29 12:07:40.231995+00
739bec4d-e15c-4a80-ba66-b6732c294a14,Champions Festival 2014 XY Promos XY27 holo,2025-10-31 14:09:03.946+00,2025-10-31 14:09:03.760082+00
7401cbf0-3d52-4eed-a4bc-62ba79cdad49,"Vileplume ""17/18"" Southern Islands reverse holo",2025-12-17 03:48:06.237+00,2025-12-17 03:48:04.197602+00
74026c85-06f2-42b7-b11c-9e5317f173da,Shiftry ex 97/100 Crystal Guardians holo,2025-10-31 13:43:35.689+00,2025-10-31 13:43:35.493282+00
748f5982-1a98-468a-bbd5-5c228115325b,Swinub 107 107/144 Skyridge,2025-10-31 12:00:42.96+00,2025-10-31 12:00:42.894406+00
74d5f1ed-b07f-4847-b981-fad84e030a36,"Vulpix ""116/147"" Aquapolis reverse holo",2025-12-15 02:09:46.585+00,2025-12-15 02:09:38.560385+00
75002748-6064-4752-9fce-1d2d7b22fd27,"Nidoking Delta Species ""6/101"" Dragon Frontiers reverse holo",2025-12-07 06:00:43.873+00,2025-12-07 06:00:45.169606+00
7505d57a-1757-4f58-83dc-cbefd3b6ce89,Tyranitar 29 029/165 Expedition reverse holo,2025-10-24 02:56:39.499+00,2025-10-24 02:56:38.526352+00
75364b49-0e09-4abf-96d7-5d11233439ef,Exploud 6/101 Hidden Legends reverse holo,2025-10-30 15:37:39.597+00,2025-10-30 15:37:38.697118+00
759c25e3-d069-4528-b75a-028e6f5b1a37,Mew 47 47/53 WoTC Promo,2025-11-08 19:16:37.694+00,2025-11-08 19:16:36.274205+00
75b35a1a-3dd0-4706-8fcb-3e0be546697b,Charizard 3/132 Secret Wonders reverse holo,2025-11-29 02:15:56.559+00,2025-11-29 02:15:56.178926+00
7731b8cc-ca55-45b6-9edd-5eb3c3c81a38,Naganadel & Guzzlord GX Full Art 223/236 Cosmic Eclipse holo,2025-10-31 13:14:00.338+00,2025-10-31 13:14:00.116122+00
7750a40a-8ab2-43c1-8b03-628e8d655769,"Politoed ex ""107/115"" Unseen Forces holo",2026-02-05 17:48:32.543+00,2026-02-05 17:48:31.4426+00
77816dda-5e99-4261-a1a5-45aebde100d2,M Gallade EX 100 Full Art 100/108 Roaring Skies holo,2025-10-31 11:50:18.22+00,2025-10-31 11:50:18.137862+00
77a50d61-fe08-4c19-b287-64f4c24eb83e,"Glaceon 5 ""5/100"" Majestic Dawn reverse holo",2025-11-30 21:52:05.035+00,2025-11-30 21:52:03.941965+00
77ba3a8c-58be-4086-aa3a-f8478ed8241c,"Weedle 114 ""114/144"" Skyridge reverse holo",2026-02-27 18:51:54.726+00,2026-02-27 18:51:47.752158+00
78c8538e-8541-4f61-8495-73240a18aebe,Lugia  HGSS Promos HGSS02 holo,2025-11-17 03:30:00.111+00,2025-11-17 03:29:59.829258+00
790943ae-f850-4999-a46d-b158486eb9a9,"Lucario 78 ""78/135"" Plasma Storm reverse holo",2025-11-30 23:30:01.077+00,2025-11-30 23:29:59.805359+00
799c0cfe-968d-4d20-93ef-823507942580,"Delibird ""21/109"" Team Rocket Returns reverse holo",2026-03-09 17:35:40.31+00,2026-03-09 17:35:41.417827+00
79ef50ba-dfb2-4e1a-af2c-f9af8340fe88,"Dark Magcargo ""38/109"" Team Rocket Returns reverse holo",2026-02-27 19:05:58.053+00,2026-02-27 19:05:51.084466+00
7ac4cabe-0b10-4c0d-b925-9ce764d6535f,Eevee Reverse Cosmos Holo,2025-11-16 05:14:23.807+00,2025-11-16 05:14:23.983154+00
7adaa96d-7752-4826-9116-4c140b5c5e69,Suicune 59/214 Legendary Pokemon Stamped,2025-10-31 12:36:57.167+00,2025-10-31 12:36:56.967135+00
7aed9eb7-1482-47d5-8332-2a7134ab57cd,Magmar ex 100/109 Ruby and Sapphire holo,2025-10-30 13:18:04.529+00,2025-10-30 13:18:03.801053+00
7b32f671-3b89-423a-9bd5-bd6eb919132e,"Mirage Stadium ""132/144"" Skyridge reverse holo",2025-11-30 23:02:48.543+00,2025-11-30 23:02:47.244013+00
7bb02273-3b74-431a-8986-6fc8ba7e03e1,"Venusaur ""28/100"" Crystal Guardians reverse holo",2025-11-30 22:56:27.905+00,2025-11-30 22:56:26.843056+00
7c075c5b-0fa4-438b-8983-733a5d99f296,Champions Festival 2016 XY Promos XY176,2025-10-24 01:05:10.088+00,2025-10-24 01:05:09.200452+00
7c0d39f9-5a79-4569-a049-df329188a50b,Mega Lopunny & Jigglypuff GX Secret 261/236 Cosmic Eclipse holo,2025-10-31 13:02:18.228+00,2025-10-31 13:02:18.041028+00
7c5247cd-d405-4c58-923d-97e24354fde3,Alph Lithograph Unleashed TWO holo,2025-11-07 20:34:02.479+00,2025-11-07 20:34:01.060184+00
7cc3ac70-3d86-4297-87a1-28e372840ded,"Mystery Plate Delta ""136/144"" Skyridge reverse holo",2025-12-15 02:06:43.989+00,2025-12-15 02:06:35.875111+00
7dc8f322-96de-4a33-a0dc-077f400ad18c,Smeargle 11 11/75 Neo Discovery,2025-10-29 19:04:39.903+00,2025-10-29 19:04:40.685041+00
7f08a6ff-c948-4266-aa97-ba30f27619a8,Charmander 101/100 Stormfront holo,2025-11-07 19:11:00.712+00,2025-11-07 19:10:59.457928+00
7fad36f4-aeeb-4c32-ad3f-e62eb497bd49,Machamp 9/92 Legend Maker reverse holo,2025-11-29 01:29:55.257+00,2025-11-29 01:29:54.826506+00
814e77ef-1023-46e6-b9c8-8137228b6db1,Champions Festival 2015 XY Promos XY91,2025-11-23 04:37:39.578+00,2025-11-23 04:37:38.890827+00
828d91e9-d060-4f07-99eb-21b33a39c5ad,Lunatone 36/107 Deoxys reverse holo,2025-10-29 13:16:06.97+00,2025-10-29 13:16:08.269967+00
83724d46-5dda-4f48-b4fc-87574bbd2829,Mew 15/132 Secret Wonders reverse holo,2025-11-23 05:26:44.008+00,2025-11-23 05:26:42.979929+00
83a5d584-8211-40f4-a9fe-198a423f5ce1,Moltres Prerelease Staff XY Promos XY127 holo,2026-02-05 20:09:53.236+00,2026-02-05 20:09:51.802475+00
84f95d12-7b70-47f6-a045-8577143eb049,"Heracross Delta Species ""3/101"" Dragon Frontiers reverse holo",2025-12-17 03:48:38.714+00,2025-12-17 03:48:36.533261+00
858c5834-3442-4a93-b7d0-e34b51a2cee9,Haunter 34/112 FireRed & LeafGreen reverse holo,2025-10-31 12:30:18.346+00,2025-10-31 12:30:18.091189+00
86edf227-7226-4d8f-b57e-88810bb882e0,Typhlosion Prime  HGSS Promos HGSS09 holo,2025-11-16 05:39:10.668+00,2025-11-16 05:39:10.864785+00
8704cf11-1d6a-4355-b041-14db9cc1d90c,"Arcanine ""22/132"" Secret Wonders reverse holo",2025-11-30 23:03:00.255+00,2025-11-30 23:02:58.963691+00
87becd47-e6c5-470d-a3fd-b9835f1f84eb,"Solrock ""47/107"" Deoxys reverse holo",2026-03-10 20:33:00.535+00,2026-03-10 20:33:01.518104+00
88322192-d86e-4a17-afaf-ce64b7fc9a1c,Relicanth Shiny Supreme Victors SH8 reverse holo,2025-11-17 03:17:48.752+00,2025-11-17 03:17:48.19099+00
89146e9b-7142-4059-9263-c3a386487eed,Miraidon Pokemon Center Exclusive Scarlet & Violet Promo Cards 013 holo,2025-10-24 01:19:09.097+00,2025-10-24 01:19:08.445631+00
89cb3832-29d6-4868-9759-42122d110962,"Palkia G Lv.X ""125/127"" Platinum holo",2025-11-30 22:56:58.617+00,2025-11-30 22:56:57.335531+00
8a740d0a-63ac-4289-a63b-c7b01a4dca9e,Ursaring 15 15/75 Neo Discovery,2025-10-31 12:09:21.537+00,2025-10-31 12:09:21.362419+00
8a8b3bcb-f63c-40d8-9cb6-6c7d9482abdd,Shiinotic Prerelease SM Promos SM10 holo,2025-10-31 13:33:49.891+00,2025-10-31 13:33:49.702098+00
8b3e9fa8-c85e-4803-8061-176ba27e9db1,"M Manectric EX 120 Secret Rare ""120/119"" Phantom Forces holo",2025-12-06 00:12:22.115+00,2025-12-06 00:12:18.905798+00
8c4d42ee-3d7a-49ac-bc83-c3626daf4132,Crawdaunt ex 99/110 Holon Phantoms holo,2025-10-31 11:51:55.96+00,2025-10-31 11:51:55.775402+00
8c6d9230-5100-4b84-a969-52ab1587abd2,M Diancie EX  XY Promos XY44 holo,2025-10-29 19:48:20.091+00,2025-10-29 19:48:20.716526+00
8c760e15-12a9-4b98-8eeb-4895b00c6803,"Linoone ""34/106"" Emerald reverse holo",2026-03-10 15:49:47.359+00,2026-03-10 15:49:46.893936+00
8c7e7394-2bef-4931-8e12-d58f19e34cbe,"Pikachu ""74/112"" FireRed & LeafGreen reverse holo",2026-02-27 19:03:33.754+00,2026-02-27 19:03:26.792416+00
8d149683-ffde-465c-a1b7-292087bf44be,"Butterfree 5 ""005/165"" Expedition reverse holo",2025-12-07 06:00:10.623+00,2025-12-07 06:00:11.809988+00
8d3641e0-1c33-4992-8bc7-97c760a3173d,Infernape LV.X 121/130 Diamond and Pearl holo,2025-11-23 05:30:10.318+00,2025-11-23 05:30:09.459946+00
8d364977-7310-40b0-8c36-10379e74953f,Pikachu V Union Set of 4 Sword & Shield Promo Cards  holo,2025-11-30 23:29:45.534+00,2025-11-30 23:29:44.175266+00
8f458551-56a9-4ce7-b0ca-04e47b1c07cc,Ponyta Shiny Arceus SH11 reverse holo,2026-03-10 01:18:56.234+00,2026-03-10 01:18:52.25404+00
905b9451-c5e5-4981-91fd-7fcfa3072876,Latias EX 85/116 Plasma Freeze holo,2025-10-31 01:52:52.335+00,2025-10-31 01:52:53.207207+00
906ad71f-f734-4f6b-8275-cf1607d4c52c,Crobat 04/64 Neo Revelation,2025-10-30 13:38:09.298+00,2025-10-30 13:38:08.997325+00
90cbb144-4fde-41cd-9d02-6c915dc48850,"Aggron ""1/109"" Ruby and Sapphire reverse holo",2025-11-30 15:13:46.778+00,2025-11-30 15:13:47.400024+00
9145dec2-8924-4665-bb85-9dd5f6c809ff,Togetic Delta Species 11/101 Dragon Frontiers reverse holo,2025-10-29 13:48:12.83+00,2025-10-29 13:48:14.08282+00
917fc455-9ba4-4f3a-8fd3-e34602a036e4,Charizard 1/99 Arceus reverse holo,2025-10-31 12:06:17.729+00,2025-10-31 12:06:17.668392+00
926a3178-6cdb-4eea-99a2-6f8317701728,Champions Festival World Championships 2017 Staff SM Promos SM78,2025-11-07 02:46:07.853+00,2025-11-07 02:46:08.100255+00
92d5c271-14e9-4ed8-ac6d-7290e8ad8ab1,Time Space Distortion 124/123 Mysterious Treasures holo,2025-10-30 13:10:53.739+00,2025-10-30 13:10:53.081077+00
93568b4f-699e-4008-a3f5-ceff5e3b2287,Warp Energy 147/147 Aquapolis reverse holo,2025-10-31 12:36:58.158+00,2025-10-31 12:36:57.924138+00
943ae3b5-de28-49de-acc3-343d3a533a4f,Kabutops Delta Species 9/110 Holon Phantoms reverse holo,2025-10-31 13:40:15.692+00,2025-10-31 13:40:15.395912+00
95b75382-2b57-40b9-9dc8-b6030dc8fe4f,Empoleon LV.X  Diamond and Pearl Promos DP11 holo,2025-10-29 19:27:36.993+00,2025-10-29 19:27:37.736567+00
95b8c6f1-4c24-4e8c-933e-5d5e2c49ca26,Gardevoir ex 96/100 Sandstorm holo,2025-10-31 03:15:15.517+00,2025-10-31 03:15:15.854138+00
9727fdad-b597-46ef-97c5-224bd60450fd,Reshiram GX Secret 71/70 Dragon Majesty holo,2025-10-31 02:34:23.657+00,2025-10-31 02:34:24.438451+00
97528056-0821-4695-91a1-155374cc37a4,Tropical Beach 2011 Ross Cawthon World Championship Decks BW28,2025-10-29 19:32:15.199+00,2025-10-29 19:32:15.800107+00
978d69c2-ac14-42dd-9125-78eb9c50ab4b,"Pikachu ""57/108"" Power Keepers reverse holo",2025-12-02 03:56:59.383+00,2025-12-02 03:56:58.830374+00
979812d2-8065-448b-834d-b1a30db7954a,Rayquaza C Supreme Victors 8 reverse holo,2025-10-29 12:46:32.116+00,2025-10-29 12:46:33.336936+00
986a0186-6f3b-400b-b721-be5cfd94e04a,Mew ex 100/110 Holon Phantoms holo,2025-10-29 12:36:21.154+00,2025-10-29 12:36:22.422972+00
98730ef9-49a7-429e-96d2-4bd29f7d9301,Rhyperior LV.X 145/146 Legends Awakened holo,2025-10-31 12:07:22.182+00,2025-10-31 12:07:22.064296+00
98f6e738-f230-4345-aed2-e168e9ea3acd,"Dark Tyranitar 20/109 EX Team Rocket Returns ""020/109"" Deck Exclusives holo",2025-12-07 06:00:33.679+00,2025-12-07 06:00:34.868157+00
9a02cdac-0750-4a57-8a0a-5eb9c17fdd16,Lugia GX Secret 227/214 Lost Thunder holo,2025-10-29 19:26:37.061+00,2025-10-29 19:26:37.822795+00
9a819c40-6109-455b-81ed-e96c09eaaa6b,Munchlax 69 69/111 Rising Rivals reverse holo,2025-10-31 12:09:23.363+00,2025-10-31 12:09:23.144922+00
9a92851b-17fc-40f2-9b6d-a3eab6f895fa,"Crawdaunt ""6/107"" Deoxys reverse holo",2026-02-06 17:06:04.442+00,2026-02-06 17:06:06.196807+00
9ad67e5c-d859-490b-b351-cff64aacd9b3,Unown ! !/28 Unseen Forces holo,2025-10-29 17:47:21.855+00,2025-10-29 17:47:22.895788+00
9af0430d-82b6-4d65-891f-c89f12e71672,Lugia 14/132 Secret Wonders reverse holo,2025-10-30 13:18:55.991+00,2025-10-30 13:18:55.36921+00
9ba304ea-55be-4121-93e5-b4bfca557954,"Jolteon ""6/100"" Sandstorm reverse holo",2025-12-27 15:24:23.29+00,2025-12-27 15:24:23.738659+00
9caa2f17-c7ee-493b-bdd8-b2ac99cd71de,Kyogre ex Nintendo Power Magazine Nintendo Promos 001 holo,2026-03-25 11:31:53.48+00,2026-03-25 11:31:53.33055+00
9ccee6cb-0e30-4456-85d8-b8acdf0b03a1,"Umbreon ""10/90"" Undaunted reverse holo",2025-12-15 03:31:06.921+00,2025-12-15 03:30:58.745259+00
9d5390ea-77a3-4f5e-8339-222ea57fb403,Champions Festival Worlds 13 Black and White Promos BW95,2026-02-27 15:58:23.624+00,2026-02-27 15:58:17.060752+00
9d8b5510-046d-4311-8ffc-365919829e9b,______'s Pikachu 24/53 WoTC Promo holo,2025-10-30 20:09:28.811+00,2025-10-30 20:09:28.901828+00
9dae8c88-2ca0-4bbc-ae7f-dbaffcf1a703,"Sneasel ex ""103/109"" Ruby and Sapphire holo",2025-11-30 22:04:15.351+00,2025-11-30 22:04:14.23783+00
9dd77543-c550-400c-8920-4d84e1da3b5d,Wartortle 50/112 FireRed & LeafGreen reverse holo,2025-10-31 12:52:09.969+00,2025-10-31 12:52:09.747487+00
9e36f7f5-f473-4ba8-bfb3-f20f44c1f14b,Palkia G Lv.X 125/127 Platinum holo,2025-10-31 12:51:22.726+00,2025-10-31 12:51:22.446741+00
9e5860b9-54f6-45ea-a6a4-0dedbe35e6a2,Houndour 113/165 Expedition reverse holo,2025-10-31 13:32:54.943+00,2025-10-31 13:32:54.930032+00
9e633c9b-5050-4a35-a8bf-c7a493eef363,"Beautifly ""2/107"" Deoxys reverse holo",2025-12-07 05:54:36.999+00,2025-12-07 05:54:38.191301+00
9e8c107f-0126-4411-afc4-69367b161426,"Munchlax 69 ""69/111"" Rising Rivals reverse holo",2025-11-30 23:02:39.063+00,2025-11-30 23:02:38.017704+00
9efc64ca-7853-40b8-9845-87f943fb4f76,"Blastoise ""2/132"" Secret Wonders reverse holo",2025-12-01 03:21:26.56+00,2025-12-01 03:21:24.738274+00
9efce9f1-ae81-4698-9d1a-a2b68ca5d063,Team Aqua's Kyogre 3/95 Team Magma vs Team Aqua reverse holo,2025-10-31 13:41:22.714+00,2025-10-31 13:41:22.617179+00
9f7f1fb5-de13-4060-95c1-5d17fed2351b,"Nest Ball Europe Championships Staff ""181/198"" League & Championship Cards reverse holo",2025-12-01 03:21:43.733+00,2025-12-01 03:21:41.820916+00
a017f59b-4f4c-4ba9-8673-12e546432387,Typhlosion Prime 110/123 HeartGold SoulSilver holo,2025-10-31 03:05:38.171+00,2025-10-31 03:05:38.808334+00
a01c05b8-51bb-4011-a28f-e9516a8d572c,Nest Ball Europe Championships Staff 181/198 League & Championship Cards reverse holo,2025-10-30 12:56:10.002+00,2025-10-30 12:56:09.327036+00
a062486c-ac35-46aa-b0c6-5b30611d7547,Tyranitar Delta Species 16/113 Delta Species reverse holo,2025-11-08 18:55:16.012+00,2025-11-08 18:55:14.647419+00
a1a71d29-ba99-449d-b737-b070bc25e77d,Feraligatr 47 047/165 Expedition reverse holo,2025-11-17 03:24:00.098+00,2025-11-17 03:23:59.487967+00
a1d90258-2371-4240-a545-53221f624bcc,Gyarados  XY Promos XY109 holo,2025-10-31 13:10:59.966+00,2025-10-31 13:10:59.831207+00
a2f60ad0-20bf-4bde-a9e8-184e7b8c9c87,Team Rocket's Zapdos EB Games Exclusive,2025-10-29 02:46:31.703+00,2025-10-29 02:46:31.7971+00
a4097531-ca7e-4652-8cfa-56acb0b1b4ce,Meowth 102/101 Noble Victories holo,2025-10-30 12:56:43.93+00,2025-10-30 12:56:43.380052+00
a47c4ecf-a16c-40a8-80cf-ffa9d9a38be3,Pikachu 58/102 058/102 Jumbo Cards,2025-10-29 13:25:30.172+00,2025-10-29 13:25:31.343299+00
a4ba6b41-0ad9-4b3c-a529-b7107276a00f,Pikachu 58/102 E3 Stamped,2025-12-01 03:40:44.356+00,2025-12-01 03:40:42.394434+00
a4d7a097-dd03-426f-8f1e-25e4b7983ae3,Tangrowth Lv.X 99/99 Arceus holo,2025-10-31 12:29:29.013+00,2025-10-31 12:29:29.124931+00
a6cc5d28-9388-4053-8947-b3e9ad8213ee,Fire Energy 116/123 HeartGold SoulSilver,2025-10-31 12:52:14.066+00,2025-10-31 12:52:13.790997+00
a6d837b8-940a-42fb-92f6-143f4f59a261,Charizard EX XY Black Star Promos Jumbo Cards XY121 holo,2025-10-29 19:36:12.262+00,2025-10-29 19:36:12.891489+00
a6ee8db4-0bef-4e96-b9c9-642b53f4e013,Machamp LV.X 98/100 Stormfront holo,2025-10-31 12:06:22.02+00,2025-10-31 12:06:21.855022+00
a6f1cf59-aceb-4cca-b0ca-60db6cd43fcc,Snorlax Vivid Voltage Stamped,2025-10-31 12:52:11.302+00,2025-10-31 12:52:11.02733+00
a8069d51-233c-4374-b229-e6f84d11e7b7,"Typhlosion Prime ""110/123"" HeartGold SoulSilver holo",2025-11-30 22:57:23.796+00,2025-11-30 22:57:22.491038+00
a8a6e130-74c6-412c-b3f2-a95a59bd8369,"Gengar ""5/92"" Legend Maker reverse holo",2025-12-12 03:59:20.428+00,2025-12-12 03:59:19.620249+00
aa2f778e-5484-483e-9564-163fc4aeca44,Riolu Pokemon Center Exclusive Mega Evolution Promo 010 holo,2025-10-24 01:04:50.965+00,2025-10-24 01:04:50.627923+00
aa7ef9d9-70a7-4526-888f-62b246822f8b,Lucario GX Secret 135/131 Forbidden Light holo,2025-10-31 13:36:58.403+00,2025-10-31 13:36:58.254564+00
ab2bca55-4d80-4bc9-9147-fc8d61726140,Pikachu World Championship 2025 Winner Scarlet & Violet Promo Cards 225,2025-10-29 19:28:52.642+00,2025-10-29 19:28:53.231169+00
ab63ac08-45fc-413a-9a91-82329cb8dd6b,Champions Festival World Championships 2018 Staff SM Promos SM148,2025-10-24 01:59:45.35+00,2025-10-24 01:59:44.314073+00
abb514b6-ae95-478f-856e-cd7ebbd2d969,"Charmander ""98/97"" Dragon holo",2025-12-27 16:32:44.761+00,2025-12-27 16:32:45.001081+00
abb64ffe-4458-4307-97b7-f0daf154724a,Larvitar Delta Species Stamp,2025-10-29 19:47:10.21+00,2025-10-29 19:47:10.733853+00
ad7a2e68-bdd4-49f2-b10a-49e945c1cb63,Salamence ex 103/107 Deoxys holo,2025-11-17 03:01:30.552+00,2025-11-17 03:01:30.024724+00
ad8a8e22-b6e7-44e0-9b8f-7ae667adc8f3,Yveltal EB Games,2025-11-23 05:16:39.554+00,2025-11-23 05:16:38.539496+00
ae6e2d92-9484-46e7-8b92-9e76dbd54861,Suicune GX Secret 220/214 Lost Thunder holo,2025-10-31 11:56:16.075+00,2025-10-31 11:56:15.96717+00
aeace9af-5988-4b97-a8c3-dca80f3085fb,unopened Kyogre ex EX Collector's Tins Nintendo Promos 037 holo,2025-10-31 02:43:56.374+00,2025-10-31 02:43:56.921164+00
aeb2be62-3cd4-4e82-a9c0-e687de04bd42,Dusknoir LV.X 96/100 Stormfront holo,2025-10-31 11:54:33.911+00,2025-10-31 11:54:33.741264+00
af0261fe-cb78-4372-9974-dba3071a66a1,Mewtwo EX 163 Secret Full Art 163/162 BREAKthrough holo,2025-11-07 19:08:54.34+00,2025-11-07 19:08:53.334187+00
b0514e0a-e58d-4afb-bee9-66f6873ca45a,Victory Medal 2010 2011 Battle Road Spring League & Championship Cards  holo,2025-12-17 03:24:37.536+00,2025-12-17 03:24:35.376287+00
b09419c3-42f1-4cb4-8a58-376be84747a3,Flareon 26/90 Undaunted reverse holo,2025-10-30 15:08:18.834+00,2025-10-30 15:08:18.072058+00
b0e95741-6a3a-4020-a2fe-18bfceceeaff,Paradise Resort World Championships 2025 Scarlet & Violet Promo Cards 224,2025-12-12 03:40:52.283+00,2025-12-12 03:40:51.583051+00
b12a65bb-8e8f-4a37-8d4c-bb1c1c0e4284,"Cresselia LV.X ""103/106"" Great Encounters holo",2025-12-01 03:36:54.22+00,2025-12-01 03:36:52.257244+00
b1e26c5c-b07c-4242-8754-b93ac95f40dc,Wooper 79/115 Unseen Forces reverse holo,2025-11-16 05:14:03.787+00,2025-11-16 05:14:04.034383+00
b2540ea9-73d4-4d12-8b16-25a9e600d2db,Ninetales 19/108 Power Keepers reverse holo,2025-10-31 11:56:02.098+00,2025-10-31 11:56:01.917364+00
b2673f82-ef6e-4194-8cd2-335002ad099c,Entei 4/132 Secret Wonders reverse holo,2025-10-30 15:12:14.011+00,2025-10-30 15:12:13.27588+00
b3a485a5-7a16-48e1-a994-6f0268d8ee57,M Metagross EX Shiny XY Promos XY35 holo,2025-10-30 20:00:23.64+00,2025-10-30 20:00:24.219244+00
b3bc9520-aa4d-44a0-9258-dcec248468f9,"Tyranitar ""30/100"" Stormfront reverse holo",2026-03-10 16:01:13.808+00,2026-03-10 16:01:13.346656+00
b3e4c03a-e020-43aa-af5d-9679bd0a2f73,Charizard G LV.X  Diamond and Pearl Promos DP45 holo,2025-10-31 11:52:00.699+00,2025-10-31 11:52:00.518652+00
b3eaf95c-17cb-490a-af5d-5120b14b2d06,Suicune H25 H25/H32 Aquapolis holo,2025-11-16 06:01:15.889+00,2025-11-16 06:01:16.268668+00
b48411c9-5651-4c60-95c5-ba2f9cd698e9,Arven Regional Championships 166/198 League & Championship Cards reverse holo,2025-10-29 13:21:47.987+00,2025-10-29 13:21:49.041811+00
b49dd181-30a6-4963-a62f-4514258542bb,"Blaziken ""5/108"" Power Keepers reverse holo",2026-03-10 14:54:28.42+00,2026-03-10 14:54:28.05568+00
b51c4881-89bc-4e59-a91d-af1ed9d2879e,Deoxys EX Team Plasma 53/116 Plasma Freeze holo,2025-10-31 01:50:07.503+00,2025-10-31 01:50:08.138333+00
b5bd77bb-c01d-427e-9237-2d8777a94b4c,"Deoxys Delta Species Normal Forme ""5/110"" Holon Phantoms reverse holo",2025-12-07 06:00:07.742+00,2025-12-07 06:00:08.932415+00
b6843e65-7e32-4610-8e49-29950fbccff6,"Exeggcute 76 ""076/147"" Aquapolis reverse holo",2025-11-30 22:59:17.797+00,2025-11-30 22:59:16.673448+00
b71f6cb2-e573-47dd-8b90-1d42730808fe,Ivysaur 05/18 Southern Islands,2025-10-29 19:27:56.831+00,2025-10-29 19:27:57.459593+00
b79c22b2-a11c-40f2-a523-23d0a94d5008,Mewtwo EX 98 Full Art 98/99 Next Destinies holo,2025-10-31 13:14:18.674+00,2025-10-31 13:14:18.367371+00
b7e4fd70-2eec-451d-a961-6c4c61893268,Eevee 55/115 Unseen Forces reverse holo,2025-10-31 02:59:05.012+00,2025-10-31 02:59:05.396016+00
b805b280-e728-435c-96d4-bdea8c9a96db,"Wooper Delta Species ""71/101"" Dragon Frontiers reverse holo",2025-11-30 23:28:06.86+00,2025-11-30 23:28:05.678533+00
b8871976-0ed4-44ab-90a4-c3b97eca0c16,Mew 10/92 Legend Maker reverse holo,2025-11-08 18:56:47.654+00,2025-11-08 18:56:46.359144+00
b89f7525-61fd-4f62-baf3-ec7321cdb0ef,Mew 111/110 Holon Phantoms holo,2025-11-17 02:56:17.991+00,2025-11-17 02:56:17.473551+00
b8be9d7a-88ea-4703-8bec-d5487d264ac5,Lapras  HGSS Promos HGSS14 holo,2025-10-31 02:46:40.926+00,2025-10-31 02:46:41.442041+00
b9743cd8-5c39-4dd1-b186-0e59e9c78fe8,Mesprit LV.X 143/146 Legends Awakened holo,2025-10-31 13:21:42.556+00,2025-10-31 13:21:42.247828+00
b9e5836f-7419-4654-b849-468d25a5d2a7,"Steelix H23 ""H23/H32"" Aquapolis holo",2025-12-27 16:13:29.791+00,2025-12-27 16:13:30.101239+00
ba431655-5a40-42d0-987d-615247d9c94a,Ash Greninja EX  XY Promos XY133 holo,2025-10-31 02:58:59.987+00,2025-10-31 02:59:00.511584+00
bb4b54d3-5668-4401-b1e0-118f282a12b5,Mewtwo V UNION Set of 4 Sword & Shield Promo Cards  holo,2025-10-30 15:05:22.53+00,2025-10-30 15:05:22.125595+00
bbde1e6d-0fb3-46d5-adc4-5891a78981ac,Swampert  13/109 Ruby and Sapphire reverse holo,2025-10-30 13:46:02.525+00,2025-10-30 13:46:02.025868+00
bc2cba0e-cb20-4dd8-ba62-79e7f236a98f,Spinarak 78/109 Team Rocket Returns reverse holo,2025-10-29 17:53:26.902+00,2025-10-29 17:53:27.70991+00
bc8b69f5-cb1e-43e5-9808-57384869c40e,Unown S S/28 Unseen Forces holo,2025-10-31 12:46:17.45+00,2025-10-31 12:46:17.565718+00
bc98f4d4-f357-4695-bd9b-faac4d58e696,"Trapinch ""68/108"" Power Keepers reverse holo",2025-12-06 01:13:32.337+00,2025-12-06 01:13:29.789444+00
bca23fe9-db98-46ae-bc75-490bcaa894ff,Kyurem EX 86 Full Art 86/98 Ancient Origins holo,2025-10-31 12:59:36.028+00,2025-10-31 12:59:35.84343+00
be0f3c67-e3f6-427c-81a1-10b91fbe1de5,Slowking 14/115 Unseen Forces reverse holo,2025-10-31 13:06:16.847+00,2025-10-31 13:06:16.535225+00
be14c322-a93f-485a-a284-460b624ac19e,Deoxys Delta Species Normal Forme 5/110 Holon Phantoms reverse holo,2025-11-17 03:41:06.263+00,2025-11-17 03:41:05.636165+00
be4b32ff-4a54-47c3-8fc6-bb03747985a3,Staraptor FB Lv.X Supreme Victors 147 holo,2025-10-29 11:53:22.546+00,2025-10-29 11:53:23.929109+00
be6e9637-3525-43e5-a9ba-21521e0ee1bc,Donphan Prerelease Staff Sword & Shield Promo Cards SWSH067 holo,2026-03-10 16:23:47.237+00,2026-03-10 16:23:46.791589+00
bf41ca9e-b652-42c9-8f5e-f44285b8c334,M Heracross EX Secret 112/111 Furious Fists holo,2025-10-31 02:34:49.165+00,2025-10-31 02:34:49.562245+00
bfba953d-a304-439f-93ea-d1c9eefc8d4d,Iron Moth European Promo,2026-03-10 16:13:41.499+00,2026-03-10 16:13:40.899491+00
c26ab441-1897-4b39-b7c0-62bfa571df23,Ralts Delta Species 61/101 Dragon Frontiers reverse holo,2025-10-29 13:09:13.164+00,2025-10-29 13:09:14.319795+00
c28626db-6e50-44c2-b48a-1cda510f0509,"Water Energy ""90/95"" Call of Legends holo",2026-03-09 16:48:49.975+00,2026-03-09 16:48:50.788337+00
c340fd58-7b8e-4d4f-886b-004dd46e2413,Sneasel ex 103/109 Ruby and Sapphire holo,2025-10-31 11:54:28.783+00,2025-10-31 11:54:28.657403+00
c352e7f9-84fe-4cda-95c7-43fc8a622e6b,Tyranitar 12 12/75 Neo Discovery,2025-11-07 20:48:20.072+00,2025-11-07 20:48:18.550075+00
c5313614-6d50-43b3-9a7b-3d4dc5e472e9,Giratina EX 124 Full Art 124/124 Dragons Exalted holo,2025-11-16 04:32:57.759+00,2025-11-16 04:32:58.536285+00
c5423f2d-d409-4a50-b91b-9728a66366ef,Galarian Obstagoon Cosmos Holo,2025-10-29 13:05:57.544+00,2025-10-29 13:05:58.990501+00
c576ee09-9bf9-466e-b38b-2099008709da,"Farfetch'd Secret Rare ""107/106"" Emerald holo",2026-02-06 03:35:46.483+00,2026-02-06 03:35:45.965294+00
c5b6b291-0416-45f8-afbc-5be0215ec221,Rayquaza C 8/147 Cracked Ice,2025-10-30 12:57:18.784+00,2025-10-30 12:57:18.130576+00
c6921f42-41ea-45ff-b541-131f3ab5fee3,Blastoise Delta Species 2/100 Crystal Guardians reverse holo,2025-10-31 12:35:36.405+00,2025-10-31 12:35:36.419728+00
c7927235-be17-48a5-a4a3-27189a7236f6,"Gardevoir Delta Species ""6/113"" Delta Species reverse holo",2026-02-05 16:39:50.514+00,2026-02-05 16:39:49.591561+00
c7add1c4-b2b1-43bb-844d-d1ec549c9fa6,Sharpedo EX 152 Full Art 152/160 Primal Clash holo,2025-10-31 12:29:59.696+00,2025-10-31 12:29:59.479076+00
c7e8d3ff-bbbf-4f24-9220-a0ea60b37b32,"Gardevoir ""7/109"" Ruby and Sapphire reverse holo",2025-12-01 03:38:45.044+00,2025-12-01 03:38:43.165228+00
c8995ef0-935a-470e-aee5-2f0b4203872f,Slowking 14/18 Southern Islands reverse holo,2025-10-31 13:12:15.15+00,2025-10-31 13:12:14.971638+00
c9bfc88e-a9ae-4f85-9e57-b83bec6036b5,Dugtrio 5/100 Crystal Guardians reverse holo,2025-10-29 13:21:22.517+00,2025-10-29 13:21:23.762194+00
ca67a3a5-bf15-419f-bd54-1d789d5e8015,Pokemon Center Lady 105 Full Art 105/106 Flashfire holo,2025-10-31 12:58:58.626+00,2025-10-31 12:58:58.538388+00
caeb9a33-ec8a-480f-8ae6-4c5ae2a2826f,Pikachu  Sword & Shield Promo Cards SWSH020 holo,2025-11-17 03:07:07.387+00,2025-11-17 03:07:06.794452+00
cbac37f6-68b1-4351-ab64-0743fd74e906,"Snorlax ""100/144"" Skyridge reverse holo",2026-02-05 16:37:38.979+00,2026-02-05 16:37:38.878062+00
cd827f95-f379-405b-a239-bcabd38af207,"Slowking Prime ""85/90"" Undaunted holo",2026-03-10 19:57:21.771+00,2026-03-10 19:57:22.754617+00
cdfc991f-b5ce-43d7-af34-3cdea22625b1,Pikachu 58/102 PokeTour 1999,2025-10-23 21:31:45.188+00,2025-10-23 21:31:44.642132+00
ce591357-d5f0-4b26-8cc8-464efa5fdd3f,Magcargo ex 95/97 Dragon holo,2025-10-31 13:21:40.741+00,2025-10-31 13:21:40.408657+00
cf6c1f4a-a30c-4324-a7cd-134ffc322882,Eevee Pokemon Center Exclusive Scarlet & Violet Promo Cards 173 holo,2025-10-24 02:56:47.878+00,2025-10-24 02:56:46.764574+00
cf9d0995-48d1-40ef-8092-827d38fad804,"Feraligatr Delta Species ""2/101"" Dragon Frontiers reverse holo",2025-12-06 18:30:49.368+00,2025-12-06 18:30:50.924025+00
cfe89af3-ee46-4a98-a92e-5c3fb910df1c,Gardevoir EX 155 Full Art 155/160 Primal Clash holo,2025-10-31 02:52:18.688+00,2025-10-31 02:52:19.613051+00
d071235c-a318-43a3-bda7-606e14e10848,"Dragonite ex Delta Species ""91/101"" Dragon Frontiers holo",2026-02-05 19:12:52.861+00,2026-02-05 19:12:51.577521+00
d08bd442-b970-4054-88f7-bc687601ec9b,Suicune  HGSS Promos HGSS21 holo,2025-10-31 13:43:37.366+00,2025-10-31 13:43:37.002656+00
d0e0ba2e-9329-4104-ab0f-f87e076536e4,"Dragonite ""2/146"" Legends Awakened reverse holo",2025-12-27 16:36:37.671+00,2025-12-27 16:36:37.932764+00
d19ceb38-01f5-470c-97e4-767d4b232c9e,Gardevoir 7/132 Secret Wonders reverse holo,2025-10-31 13:04:08.818+00,2025-10-31 13:04:08.668755+00
d23c9172-a70b-45b4-a321-5726eb3d0f5a,Machamp EX 90 Full Art 90/98 Ancient Origins holo,2025-10-31 13:39:42.635+00,2025-10-31 13:39:42.491065+00
d254fbe7-9362-4562-bb74-dd7a41d583e6,"Here Comes Team Rocket! ""111/109"" Team Rocket Returns holo",2026-03-06 12:36:52.639+00,2026-03-06 12:36:52.725642+00
d29e3d70-c486-4898-8cd1-d0bebe742a2d,Shiftry ex 97/108 Power Keepers holo,2025-10-31 11:52:48.084+00,2025-10-31 11:52:48.067351+00
d2b3a742-24c4-4ccc-9053-ea746d777cfd,Charizard G Supreme Victors 20 reverse holo,2025-10-30 12:55:17.749+00,2025-10-30 12:55:17.089723+00
d2cbba79-8d85-479a-a2c3-55c482b2faab,Team Aqua's Cacnea 24/95 Prerelease,2025-10-30 15:14:21.67+00,2025-10-30 15:14:21.330507+00
d2d34fdd-4b72-4889-948e-2eb4b2fc40b6,Mew EX 46/124 Dragons Exalted holo,2025-10-29 19:01:08.225+00,2025-10-29 19:01:08.912371+00
d33dfe9f-5c41-40df-9c6b-a3277d975a14,"Flareon Delta Species ""5/113"" Delta Species reverse holo",2025-12-06 17:59:19.876+00,2025-12-06 17:59:20.921452+00
d377ad21-5cdd-4e07-a0fc-960ce6dfebf0,"Unown ! ""!/28"" Unseen Forces holo",2025-11-30 22:57:27.273+00,2025-11-30 22:57:25.985687+00
d3ef2d3d-960c-4ae3-8a5d-4cf66b387f59,Gengar 27/130 Diamond and Pearl reverse holo,2025-10-31 03:18:06.513+00,2025-10-31 03:18:06.849286+00
d5258a62-e749-44b4-9caf-d799e6dd243d,"Rocket's Sneasel 5 Winner ""005/009"" Best of Promos",2025-12-07 05:55:17.763+00,2025-12-07 05:55:18.950302+00
d672627a-5572-4ef7-9ee8-7ee3370aa0f0,Bellossom 16/101 Hidden Legends reverse holo,2025-10-30 15:43:04.159+00,2025-10-30 15:43:03.273665+00
d7835385-434d-46c8-ade9-24cd59fe570e,Piloswine 13/109 Team Rocket Returns reverse holo,2025-10-31 11:52:50.165+00,2025-10-31 11:52:49.968397+00
d7925f1e-9c35-4c59-ade4-1aa57553bcb8,Blastoise 13/95 Cracked Ice Holo,2025-10-31 13:11:02.241+00,2025-10-31 13:11:01.931313+00
d7e62563-971e-4fc8-aac9-3064a37d4177,"Machop ""57/92"" Legend Maker reverse holo",2026-03-09 17:37:32.142+00,2026-03-09 17:37:32.550122+00
d8eb7376-1d22-49f5-b772-600c3c92ee92,Victory Cup Battle Road Autumn 2011 1st Place Black and White Promos BW31 holo,2025-10-23 21:13:02.892+00,2025-10-23 21:13:02.577719+00
d95f31b7-563b-4698-8328-012deabb1f6e,"Blastoise ""14/100"" Crystal Guardians reverse holo",2026-02-05 23:14:10.285+00,2026-02-05 23:14:11.007004+00
d96519a6-a88f-42d6-af47-cb4c469f9c09,Mewtwo Brilliant Stars Stamped,2025-10-30 13:52:41.922+00,2025-10-30 13:52:41.255046+00
d97e8a54-7585-47b0-ba5e-5303b163f5fa,Vaporeon ex 2006 Jimmy Ballard 110/113 World Championship Decks,2025-10-29 19:32:46.013+00,2025-10-29 19:32:46.564145+00
d98368c3-a30b-4cae-95e0-1cc37789c82e,"Salamence  ""10/97"" Dragon reverse holo",2026-03-10 20:04:04.895+00,2026-03-10 20:04:05.72958+00
d9b75e28-86b2-461d-b7f7-9d630a18e6fb,Charizard ex  125/197 Jumbo Cards,2025-10-29 19:38:53.345+00,2025-10-29 19:38:54.025703+00
da444df9-1884-45db-bdc7-869f19896ad6,"Seadra ""48/109"" Team Rocket Returns reverse holo",2025-12-17 03:44:03.629+00,2025-12-17 03:44:01.342352+00
dac9f8b1-c806-4e9a-a451-4d40589b0950,Espeon Team Plasma 48/116 Plasma Freeze reverse holo,2025-10-31 02:48:14.2+00,2025-10-31 02:48:14.713933+00
db2afcf1-750a-4f3f-a8ce-419c7a6829a0,"Lugia ""29/115"" Unseen Forces reverse holo",2026-02-05 19:12:37.456+00,2026-02-05 19:12:36.852954+00
dc0825ac-856b-4c46-a74a-d2d71527820b,Gardevoir & Sylveon GX 204 Full Art 204/214 Unbroken Bonds holo,2025-10-31 13:27:25.802+00,2025-10-31 13:27:25.486929+00
dc23b9af-5cc6-41d0-a26b-f9943fe62059,Dartrix Cosmos Holo,2025-10-29 19:39:59.126+00,2025-10-29 19:39:59.694919+00
dc286e81-d55d-45f5-9a0c-cf04a1051268,"Donphan Prime ""107/123"" HeartGold SoulSilver holo",2025-11-30 23:29:42.244+00,2025-11-30 23:29:40.931108+00
dc600a0d-494b-4503-b8db-1b753df023f1,Team Rocket's Zapdos Destined Rivals Stamp,2025-10-30 13:11:46.125+00,2025-10-30 13:11:45.576152+00
de06287b-0894-4bb5-8040-81cc210ae114,Champions Festival World Championships 2018 Top Sixteen SM Promos SM148,2026-02-05 15:39:26.174+00,2026-02-05 15:39:25.458133+00
de7b7a85-46d7-4a8a-84b1-3d73c93133f4,"Togepi ""78/101"" Hidden Legends reverse holo",2026-03-10 20:02:49.519+00,2026-03-10 20:02:50.323212+00
e06c945a-2d10-4fef-af36-1300c8a832dc,"Double Colorless Energy ""103/123"" HeartGold SoulSilver reverse holo",2025-11-30 23:26:55.463+00,2025-11-30 23:26:54.140356+00
e0b5edef-6837-40fc-a357-8167d7ce307b,"Energy Retrieval ""107/110"" Legendary Collection reverse holo",2025-12-06 18:36:14.449+00,2025-12-06 18:36:15.816405+00
e12ba011-192e-4245-8ad6-98ce0b61909a,"Relicanth ""18/106"" Emerald reverse holo",2026-03-10 20:31:24.513+00,2026-03-10 20:31:25.935856+00
e143e7ad-49c6-4b85-b2f0-58bdabbb71db,Dialga G LV.X 122/127 Platinum holo,2025-10-31 11:59:46.277+00,2025-10-31 11:59:46.176038+00
e2748cc1-0674-460c-8b0a-8c134133f2a8,Aggron 2/92 Legend Maker reverse holo,2025-10-30 15:39:02.189+00,2025-10-30 15:39:01.493899+00
e274c227-a442-437b-ab84-514596e84ece,"Salamence Delta Species ""14/113"" Delta Species reverse holo",2025-11-30 22:04:01.318+00,2025-11-30 22:04:00.201332+00
e30aebba-5ec1-46b8-bb58-b0223dcdb2f8,Mirage Stadium 132/144 Skyridge reverse holo,2025-10-30 13:47:03.028+00,2025-10-30 13:47:02.39075+00
e37cd063-94a3-41d8-af01-7bc854c8b57f,Lugia EX Team Plasma 108/135 Plasma Storm holo,2025-10-31 12:50:21.03+00,2025-10-31 12:50:20.987793+00
e3874010-8bda-455e-9ba0-1dec8a15a305,Reshiram & Charizard GX Secret 217/214 Unbroken Bonds holo,2025-10-31 11:48:05.728+00,2025-10-31 11:48:05.554406+00
e4cbdd6d-21b5-49df-8a46-2a94b48b1516,Rayquaza C Lv.X Supreme Victors 146 holo,2025-10-30 20:09:56.794+00,2025-10-30 20:09:56.485423+00
e4dfdd34-86e0-4827-bbaa-b53c82510a10,Lechonk EB Games Promo,2025-11-17 03:15:07.832+00,2025-11-17 03:15:07.695574+00
e5cf5f10-5ff0-4955-a7df-5e106f671b65,"Victini EX 131 Full Art ""131/135"" Plasma Storm holo",2025-11-30 21:35:33.492+00,2025-11-30 21:35:32.557594+00
e6bc5b0a-abe9-482d-becf-6818dfc275be,Lechonk Pokemon Center Exclusive,2025-10-29 13:06:38.61+00,2025-10-29 13:06:39.683886+00
e72274a2-b772-40e0-a567-433853f435a2,Kyurem EX 96 Full Art 96/99 Next Destinies holo,2025-10-29 02:54:25.827+00,2025-10-29 02:54:25.97004+00
e7c80b6a-19ef-4793-b92c-b4873bc2955b,Rayquaza 14/146 Legends Awakened reverse holo,2025-10-30 13:03:50.14+00,2025-10-30 13:03:49.465806+00
e7cdc9a4-aa8e-4d2f-a7f4-e7c4e8dfbf29,Field Blower Secret 163/145 Guardians Rising holo,2025-10-30 15:05:48.762+00,2025-10-30 15:05:47.89337+00
e7dccd39-95bd-499d-8bc8-4198fbf1187e,Happiny 52/123 Mysterious Treasures reverse holo,2025-10-31 13:05:20.546+00,2025-10-31 13:05:20.25711+00
e7f0ed3d-a7d0-4e06-b2a4-8f2db9d8bdba,"Ditto 64/113 Squirtle ""064/113"" Delta Species reverse holo",2025-11-30 22:04:40.093+00,2025-11-30 22:04:38.966907+00
e7fcdba4-0c55-4f6d-953d-852ee159b88e,"Wartortle ""50/112"" FireRed & LeafGreen reverse holo",2025-12-02 03:56:05.518+00,2025-12-02 03:56:05.900538+00
e84fea85-9b1f-4ac9-991d-b153b64ecb33,Lv.X 95 95/99 Arceus holo,2025-10-31 02:35:09.073+00,2025-10-31 02:35:09.474151+00
e8a625c3-6d14-4770-a206-c78220605244,Gardevoir ex Delta Species 93/101 Dragon Frontiers holo,2025-11-07 16:49:42.492+00,2025-11-07 16:49:42.150879+00
ea101682-f1ba-40e4-8cd9-672f33fd1e1b,Torterra LV.X  Diamond and Pearl Promos DP09 holo,2025-10-29 19:24:58.575+00,2025-10-29 19:24:59.533764+00
eae7a417-a2cb-4dbf-80b9-fd054a591813,Potion Energy 101/110 Legendary Collection reverse holo,2025-11-23 05:39:32.304+00,2025-11-23 05:39:31.352932+00
ec94b0a1-5216-4f40-ad49-be18b80a04c9,Meowth Gold Bordered Promo,2025-12-01 03:40:42.662+00,2025-12-01 03:40:40.668448+00
ec9899bc-01d7-4a5a-b44c-983c1217c773,Rocket's Moltres 012/132 Gym Heroes,2025-11-17 03:17:18.233+00,2025-11-17 03:17:17.67949+00
ecb73a98-a655-4e47-925f-d7a5d81c33bd,Victini EX 131 Full Art 131/135 Plasma Storm holo,2025-10-24 00:32:34.207+00,2025-10-24 00:32:34.034387+00
ed7117be-e824-4946-8195-dfe2fc4f5e8c,Electabuzz ex 97/109 Ruby and Sapphire holo,2025-10-31 11:48:04.328+00,2025-10-31 11:48:04.367081+00
edd6e94d-b545-45e3-9e0f-dd8df1643467,Black Kyurem  Black and White Promos BW58 holo,2025-10-29 17:55:52.213+00,2025-10-29 17:55:53.063668+00
ee192f01-5529-4c6e-80f9-8f1c9edf1424,"Qwilfish ""27/109"" Team Rocket Returns reverse holo",2025-12-07 05:54:37.451+00,2025-12-07 05:54:38.637226+00
ee3252e3-f710-4c0e-b203-7d55c7294ee4,Magikarp & Wailord GX Full Art 160/181 Team Up holo,2025-10-30 12:47:55.541+00,2025-10-30 12:47:55.437913+00
eeb3d838-ec93-4b08-acc5-25ab8e55d7da,Paradise Resort World Championships 2023 Staff Scarlet & Violet Promo Cards 045,2025-11-21 19:47:07.159+00,2025-11-21 19:47:06.535554+00
efff6284-5fa6-4d8f-95c8-3e0ecad0a446,Raikou EX 38/108 Dark Explorers holo,2025-10-29 17:53:04.271+00,2025-10-29 17:53:05.310671+00
f0d1d8d0-1e2e-4f30-9718-acfbd1bdc560,Colress Team Plasma 135 Full Art 135/135 Plasma Storm holo,2025-10-30 12:54:41.903+00,2025-10-30 12:54:41.214238+00
f0d8b003-37da-44f9-bdcc-dc3a49e05cbb,Gengar 16 16/99 Arceus reverse holo,2025-10-30 12:58:29.512+00,2025-10-30 12:58:28.919348+00
f12ac610-a484-459b-bfad-3fcdbdf2f5e4,Dark Dragonite 15/109 Team Rocket Returns reverse holo,2025-10-31 11:49:36.092+00,2025-10-31 11:49:36.10514+00
f1f2c7ac-061a-4bfe-8cbc-544b61cb5eee,"Lugia EX 94 Full Art ""94/98"" Ancient Origins holo",2025-12-12 04:24:29.698+00,2025-12-12 04:24:28.947861+00
f284a235-430f-4b80-b24a-bbfd9300f621,Raichu Prime 83/90 Undaunted holo,2025-10-30 13:01:04.198+00,2025-10-30 13:01:03.685117+00
f44abb6b-188f-4c05-a00c-4f593c755b38,Regigigas  Diamond and Pearl Promos DP40 holo,2025-10-29 13:02:23.905+00,2025-10-29 13:02:25.087085+00
f469dffd-2211-4003-932b-03971a2fc8e7,Jolteon  Black and White Promos BW91 holo,2025-10-31 13:20:26.57+00,2025-10-31 13:20:26.317054+00
f5032ae1-7103-48dd-b3a5-1e9991cf7000,"Hitmonchan ex ""98/109"" Ruby and Sapphire holo",2025-12-07 03:18:24.384+00,2025-12-07 03:18:24.584876+00
f52e2624-6dfb-4836-8d73-cd879ebd2f5c,Pikachu W Stamped 60/64 WoTC Promo,2025-10-31 03:18:01.577+00,2025-10-31 03:18:02.173715+00
f685e6cf-3946-49b8-abc6-94021b6e0974,"Swampert ""11/106"" Emerald holo",2026-02-27 19:04:43.631+00,2026-02-27 19:04:36.751362+00
f6dd1e1e-0789-4fbc-9547-694c64993030,Team Rocket's Articuno Destined Rivals Stamp,2025-10-31 02:28:43.654+00,2025-10-31 02:28:44.279721+00
f6f82085-8fe9-4a15-a8fd-bed3ac021649,Entei  HGSS Promos HGSS20 holo,2025-10-31 01:47:14.477+00,2025-10-31 01:47:15.926723+00
f7a10469-2711-435f-97d0-0c587394bb7e,"Rattata ""128/165"" Expedition reverse holo",2026-03-10 16:08:37.052+00,2026-03-10 16:08:36.444909+00
f86ec968-0527-48da-a9f6-096b16816304,Champions Festival World Championships 2019 Staff SM Promos SM231,2025-11-21 19:47:03.561+00,2025-11-21 19:47:02.950117+00
f88480e7-9763-492d-9515-1ec71f7db31a,"Pikachu ""70/100"" Stormfront reverse holo",2025-12-06 00:39:39.534+00,2025-12-06 00:39:36.281919+00
f8e510af-b094-462b-8620-2021c2304baf,Team Magma's Groudon 9/95 Team Magma vs Team Aqua reverse holo,2025-10-31 13:14:50.905+00,2025-10-31 13:14:50.580404+00
f993c920-ddc9-4780-8d23-221127abb049,Ursaring 18/115 Unseen Forces reverse holo,2025-10-31 13:01:05.286+00,2025-10-31 13:01:05.199451+00
f9be7a59-cdc3-46a7-aa5d-d76d00541d1f,"Vaporeon ex ""110/113"" Delta Species holo",2026-02-05 17:43:12.397+00,2026-02-05 17:43:12.091273+00
fa53503b-92bc-4dc6-becc-459f3d9a28a0,Decidueye GX Secret 146/145 Guardians Rising holo,2025-10-31 13:05:22.314+00,2025-10-31 13:05:22.018096+00
fa728b3a-5368-42ca-8080-7596fa2b8d08,Ditto 64/113 Squirtle 064/113 Delta Species reverse holo,2025-10-31 11:55:40.829+00,2025-10-31 11:55:40.678163+00
fa9de1ff-1174-4c13-878d-6390b9e52baa,Espeon Delta Species 4/113 Delta Species reverse holo,2025-10-29 02:53:40.129+00,2025-10-29 02:53:40.583304+00
fc1b3214-8540-40ac-b61f-80878315ab9a,"Eevee & Snorlax GX Full Art ""171/181"" Team Up holo",2026-03-10 00:47:19.748+00,2026-03-10 00:47:15.237209+00
fc21c51d-9957-45a4-bc7b-09bc88f063eb,Salamence ex Delta Species 98/101 Dragon Frontiers holo,2025-10-31 13:05:19.535+00,2025-10-31 13:05:19.302703+00
fc729469-a14f-4c81-a996-6e3d33c7eb69,Aerodactyl Prerelease,2026-03-10 15:29:32.684+00,2026-03-10 15:29:32.197268+00
fd48fc49-1f07-4d9e-81b7-9a67a34a6f2a,Darkrai LV.X 104/106 Great Encounters holo,2025-10-31 11:59:50.855+00,2025-10-31 11:59:50.646985+00
fdbbe6eb-1e62-4e07-b8d0-9a6552361715,"Dark Crobat ""3/109"" Team Rocket Returns reverse holo",2026-02-05 23:16:45.501+00,2026-02-05 23:16:45.482141+00
fdc26d74-0579-4a64-8cd1-9abbef3022f5,Inteleon VMAX 079/264 Prize Pack Series Cards holo,2025-10-30 13:09:15.08+00,2025-10-30 13:09:14.546272+00
fdc8cfb2-7ba8-4c29-b02a-b8416dfdd406,Meganium Prime 109/123 HeartGold SoulSilver holo,2025-10-31 02:36:44.956+00,2025-10-31 02:36:45.542726+00
fdcebc97-0289-4d7b-bb43-1aa234ba4005,Houndoom 5/90 Undaunted reverse holo,2025-10-29 13:46:44.535+00,2025-10-29 13:46:45.706786+00
fddd16d3-3817-4871-8339-365a31d68c8e,Spheal 74/101 Hidden Legends reverse holo,2025-10-30 15:33:22.956+00,2025-10-30 15:33:22.323329+00
fddd48c6-4bc8-486b-b23c-1fe69d7304c7,Xerneas GX Secret 139/131 Forbidden Light holo,2025-10-31 11:58:21.539+00,2025-10-31 11:58:21.61247+00
fe60e9b8-df9e-418b-8220-7e8cf9883c6a,Entei EX 13/108 Dark Explorers holo,2025-10-31 12:49:25.723+00,2025-10-31 12:49:25.61733+00
fe9b1961-20cc-44a6-8428-63914a2c4aa6,Absol 1/97 Dragon reverse holo,2025-11-23 05:23:16.929+00,2025-11-23 05:23:15.907465+00
ff846954-1619-4852-8f18-ba6b4dd8e326,Torchic 69/106 Emerald reverse holo,2025-11-16 05:14:34.332+00,2025-11-16 05:14:34.516326+00